{"training/train_individual_losses/#5":6.554687814741555e-08,"training/train_individual_losses/#4":1.6817892856124672e-08,"training/train_individual_losses/#19":9.137619549903775e-09,"training/train_individual_losses/#11":9.19201514903989e-09,"training/train_individual_losses/#7":4.876750479138048e-12,"training/train_individual_losses/#15":4.205902553316987e-12,"clustering/teacher_size":10,"training/train_individual_losses/#9":1.676488503576934e-09,"training/train_individual_losses/#12":3.7772185379481016e-08,"training/train_individual_losses/#2":2.7288857040730363e-07,"_runtime":1299,"training/train_loss":3.222821354866028e-05,"training/train_individual_losses/#0":1.9185441146873927e-07,"training/train_individual_losses/#17":0.00014067914162296802,"training/train_individual_losses/#10":1.622419039393197e-11,"training/train_individual_losses/#16":5.916367058489413e-07,"_step":108,"training/train_individual_losses/#8":1.389345811730891e-07,"training/train_individual_losses/#14":0.00014374844613485038,"clustering/student_alignment_W_table":{"path":"media/table/clustering/student_alignment_W_table_106_6bb0b951925c7a0f9fa7.table.json","_latest_artifact_path":"wandb-client-artifact://zr8r38pvmz5kia1j5sgevec86kgnx8v02s2ujydw8mqtggg8xj1a1tz5o6fo311ocksci2y5grmm6fr3z214yfd9tv6a1mrbjomv5x021chck13m3ael2k67bj95joxu:latest/clustering/student_alignment_W_table.table.json","sha256":"6bb0b951925c7a0f9fa7eeb4697709afd6f414b9b14aca2f1b22335985e8733a","ncols":1,"log_mode":"IMMUTABLE","_type":"table-file","nrows":4,"artifact_path":"wandb-client-artifact://2hzl66epqxsuxmho0hbc1959ob0d6vhqvffusislgol74wofd9q60d1x9uqwxsotcu7pp8eh799yaxv24z2oqqf8m3d4smb53hmdol505bffcxe3g8m96fxrwmd6ddd6/clustering/student_alignment_W_table.table.json","size":130},"local_hashname":"d592e06c8b","reconstruction/examples":8000,"clustering/student_size":5,"training/train_individual_losses/#3":0.0003582791250664741,"reconstruction/train_loss":2.8687603403909633e-12,"_wandb":{"runtime":1299},"reconstruction/train_individual_losses/#0":2.8687603507993042e-12,"_timestamp":1.7643184287814152e+09,"training/train_individual_losses/#1":2.600946368003232e-11,"training/examples":8000,"clustering/student_alignment_A_table":{"_type":"table-file","nrows":4,"_latest_artifact_path":"wandb-client-artifact://5kafcg9bvhg8xw2xhnlp8iep5j0jtsvfmwyzdj4sp9ccjev7welbfzjjiv02ubklanjkc4s2hdgotczoa32p6tkg1ydbzqa80gntz3idtn6tsz208zezkhwbgh8p2bb7:latest/clustering/student_alignment_A_table.table.json","sha256":"57d6829451a9259bdbd144fbc69076bc337c16ccf2669bcc0bde39569ea3a095","path":"media/table/clustering/student_alignment_A_table_107_57d6829451a9259bdbd1.table.json","artifact_path":"wandb-client-artifact://sc6qmuunybe60qxjec09ikubgvgpu1t3r4k551flbm8r2edchd199grxx512rwy16cuspbnuvgofa7ufitst5ciqbayfqqn4k4bjr289paq7dyo6tv98k6adld1kqeay/clustering/student_alignment_A_table.table.json","size":90,"log_mode":"IMMUTABLE","ncols":1},"training/train_individual_losses/#6":5.070226052339422e-07,"reconstruction/iteration_step":80000,"training/iteration_step":160000,"training/train_individual_losses/#13":1.286888390988894e-11,"training/train_individual_losses/#18":1.494133883284121e-08}