{"training/train_individual_losses/#10":5.817866167490138e-06,"training/train_individual_losses/#19":1.2430390597728547e-05,"training/train_loss":4.767934381961823e-06,"training/train_individual_losses/#8":1.2424419537637732e-06,"training/train_individual_losses/#17":1.1907611224160064e-05,"training/train_individual_losses/#7":8.92740459335073e-08,"training/iteration_step":10000,"training/train_individual_losses/#13":4.607404662237968e-06,"local_hashname":"6830710519","training/train_individual_losses/#12":1.7763466075848555e-06,"training/train_individual_losses/#0":1.0568251127551775e-05,"_wandb":{"runtime":47},"_runtime":47,"training/examples":10000,"training/train_individual_losses/#14":1.1867941651644287e-07,"training/train_individual_losses/#6":1.7119500625994988e-06,"_timestamp":1.7633660668469532e+09,"training/train_individual_losses/#1":4.3182220110793423e-07,"training/train_individual_losses/#18":9.870220310403965e-06,"training/train_individual_losses/#4":3.485887418719358e-07,"training/train_individual_losses/#9":1.0900613233388867e-05,"training/train_individual_losses/#5":8.832560524751898e-06,"training/train_individual_losses/#11":7.585550747535308e-07,"training/train_individual_losses/#3":9.558008969179355e-06,"_step":6,"training/train_individual_losses/#15":3.6773951705981744e-07,"training/train_individual_losses/#2":1.3347806193664269e-09,"training/train_individual_losses/#16":4.019033440272324e-06}