{"training/train_individual_losses/#6":5.590667115029646e-06,"training/train_individual_losses/#15":8.116910976241343e-06,"training/train_individual_losses/#18":1.3013956049690023e-05,"None/train_individual_losses/#5":2.4734063117648475e-05,"None/train_individual_losses/#17":0.00013737638073507696,"training/train_individual_losses/#1":9.955510904546827e-06,"training/train_loss":1.158636137843132e-05,"None/train_individual_losses/#16":7.020895282039419e-05,"None/train_individual_losses/#0":1.7708987797959708e-05,"training/train_individual_losses/#7":9.01167732081376e-06,"None/train_individual_losses/#9":0.000196796769159846,"None/train_individual_losses/#4":0.00014896901848260313,"None/train_individual_losses/#14":0.00010938289051409811,"_runtime":1128,"training/train_individual_losses/#3":0.000128718456835486,"_wandb":{"runtime":1128},"training/train_individual_losses/#11":1.1650603482848965e-05,"training/train_individual_losses/#17":1.1440955631769612e-06,"training/train_individual_losses/#19":1.4456263670581393e-06,"None/iteration_step":80000,"None/train_individual_losses/#13":1.1346921837684931e-06,"training/train_individual_losses/#10":1.676544570727856e-06,"training/train_individual_losses/#9":3.2141888368641958e-06,"None/train_individual_losses/#3":2.7519459763425402e-05,"None/train_individual_losses/#11":0.0001811650872696191,"None/train_individual_losses/#15":2.0876224880339578e-05,"None/train_individual_losses/#19":7.020246266620234e-05,"None/train_individual_losses/#2":0.00015179956972133368,"training/train_individual_losses/#12":2.690441988306702e-06,"None/train_individual_losses/#8":2.1896539692534134e-05,"_timestamp":1.7634603025852685e+09,"local_hashname":"cadfbeebfd","training/examples":8000,"training/train_individual_losses/#2":2.0545210190903163e-06,"None/train_individual_losses/#1":1.0601164831314236e-05,"training/iteration_step":160000,"training/train_individual_losses/#16":4.7328344408015255e-06,"training/train_individual_losses/#0":5.981904450891307e-06,"None/examples":8000,"training/train_individual_losses/#13":5.444210842142638e-07,"training/train_individual_losses/#4":4.251321570336586e-06,"None/train_individual_losses/#10":0.00010715710959630087,"training/train_individual_losses/#14":3.5134389690938406e-06,"None/train_loss":8.854632377624512e-05,"training/train_individual_losses/#8":6.41249971522484e-06,"None/train_individual_losses/#12":0.0001462017826270312,"_step":153,"None/train_individual_losses/#7":0.00014891338651068509,"None/train_individual_losses/#18":3.570166518329643e-05,"None/train_individual_losses/#6":0.00014258029113989323,"training/train_individual_losses/#5":8.007604265003465e-06}