{"None/train_individual_losses/#0":6.898776661046213e-08,"local_hashname":"ad0deba57b","None/train_individual_losses/#4":3.591610564512848e-08,"training/train_individual_losses/#7":4.7317342932728934e-08,"None/train_individual_losses/#7":1.213586564574598e-08,"None/train_individual_losses/#18":4.3474455146963464e-09,"None/train_individual_losses/#9":2.128205522922144e-08,"training/train_individual_losses/#3":1.0988796539379564e-08,"_step":153,"training/train_individual_losses/#14":1.2229346424419418e-08,"training/examples":8000,"None/train_individual_losses/#8":3.065877507424375e-08,"None/train_individual_losses/#15":5.134485281388379e-09,"None/iteration_step":80000,"training/train_individual_losses/#10":4.521830732073795e-08,"None/train_individual_losses/#10":1.4218453969760958e-08,"training/train_individual_losses/#16":1.2738070154227898e-07,"training/train_individual_losses/#1":1.951162431623743e-08,"None/train_individual_losses/#12":4.130365383048229e-08,"training/train_individual_losses/#2":1.6586396895945654e-06,"training/train_loss":1.5363929560407997e-07,"training/iteration_step":160000,"training/train_individual_losses/#18":2.3440078678049758e-07,"None/examples":8000,"None/train_individual_losses/#13":1.2917013236801722e-08,"training/train_individual_losses/#11":1.7884580927329807e-08,"training/train_individual_losses/#8":7.379612920743739e-09,"None/train_individual_losses/#11":1.7807318286600093e-08,"training/train_individual_losses/#19":1.5482544313272228e-07,"None/train_individual_losses/#5":9.515852106289913e-09,"_wandb":{"runtime":1085},"training/train_individual_losses/#13":6.262142449031671e-08,"_timestamp":1.7634747096290498e+09,"None/train_individual_losses/#16":5.319727236496874e-08,"training/train_individual_losses/#4":7.568936410962124e-08,"training/train_individual_losses/#12":9.043835547117851e-08,"training/train_individual_losses/#6":1.5995656355016763e-08,"None/train_individual_losses/#1":1.950519923354932e-08,"None/train_individual_losses/#6":2.3571006479983225e-08,"None/train_individual_losses/#2":3.077504473480985e-08,"None/train_individual_losses/#19":2.064671633661419e-08,"_runtime":1085,"None/train_loss":2.449165331199765e-08,"training/train_individual_losses/#5":4.294284394745773e-07,"None/train_individual_losses/#14":3.001060022711499e-08,"None/train_individual_losses/#17":2.4131322717835246e-08,"None/train_individual_losses/#3":1.3771139784068964e-08,"training/train_individual_losses/#17":1.1998066540286345e-08,"training/train_individual_losses/#9":6.836295085577149e-09,"training/train_individual_losses/#0":3.965479677958683e-08,"training/train_individual_losses/#15":4.347451731945284e-09}