{"None/train_individual_losses/#8":0.27321088314056396,"_wandb":{"runtime":9},"None/train_individual_losses/#1":0.3125002086162567,"None/train_individual_losses/#18":0.4988134205341339,"None/train_individual_losses/#14":0.36818113923072815,"local_hashname":"3c2502264b","None/train_individual_losses/#17":1.07738196849823,"None/train_individual_losses/#6":0.48493388295173645,"None/train_individual_losses/#3":2.3964524269104004,"None/train_individual_losses/#9":0.37812477350234985,"None/train_individual_losses/#4":1.1268173456192017,"_timestamp":1.764571941522286e+09,"None/examples":10000,"_step":0,"None/train_individual_losses/#15":0.39454203844070435,"None/train_individual_losses/#19":0.3727480173110962,"None/train_individual_losses/#7":0.629446268081665,"None/train_individual_losses/#2":0.39881399273872375,"None/train_loss":0.7277375,"None/iteration_step":0,"None/train_individual_losses/#16":0.9171409010887146,"_runtime":9,"None/train_individual_losses/#13":0.48263242840766907,"None/train_individual_losses/#12":0.6334741115570068,"None/train_individual_losses/#10":1.1179050207138062,"None/train_individual_losses/#11":0.8982710838317871,"None/train_individual_losses/#5":0.5586957931518555,"None/train_individual_losses/#0":1.2346631288528442}