{"None/train_individual_losses/#4":1.028602957725525,"_timestamp":1.7645718461559284e+09,"None/train_individual_losses/#10":1.1094774007797241,"_runtime":9,"None/train_individual_losses/#14":3.6459619998931885,"None/train_individual_losses/#18":0.8223853707313538,"None/train_individual_losses/#13":0.7648960947990417,"None/train_individual_losses/#17":1.0429750680923462,"None/train_individual_losses/#6":1.46784508228302,"None/iteration_step":0,"None/train_individual_losses/#15":1.4751983880996704,"None/train_individual_losses/#11":0.9944164156913757,"None/train_individual_losses/#19":0.5658569931983948,"_step":0,"None/train_individual_losses/#9":1.1036115884780884,"_wandb":{"runtime":9},"None/train_loss":0.998106171875,"None/train_individual_losses/#0":0.3023594915866852,"None/train_individual_losses/#7":1.5684151649475098,"None/train_individual_losses/#5":0.8625549674034119,"None/train_individual_losses/#16":0.724500298500061,"None/train_individual_losses/#3":0.42787879705429077,"None/train_individual_losses/#2":0.639618456363678,"None/train_individual_losses/#1":0.47384315729141235,"None/train_individual_losses/#8":0.2902294099330902,"local_hashname":"3c2502264b","None/train_individual_losses/#12":0.6514951586723328,"None/examples":10000}