{"training/train_individual_losses/#12":1.317568693037785e-10,"training/train_individual_losses/#18":1.2688198580690369e-07,"training/train_individual_losses/#2":2.1346214726380985e-11,"training/iteration_step":160000,"training/train_individual_losses/#8":8.440987353530716e-10,"clustering/student_alignment_A_table":{"path":"media/table/clustering/student_alignment_A_table_107_57d6829451a9259bdbd1.table.json","nrows":4,"_latest_artifact_path":"wandb-client-artifact://42nynz0xsz3vcc0a9pmyctkdh5afixtvg367ioqhah4agof2mfcy11ayudk67kizrn2yf4uriyeot62977gbyeg65e1d5soirwuob3s1497pazudqssaxsos01s8r1hm:latest/clustering/student_alignment_A_table.table.json","log_mode":"IMMUTABLE","_type":"table-file","sha256":"57d6829451a9259bdbd144fbc69076bc337c16ccf2669bcc0bde39569ea3a095","ncols":1,"artifact_path":"wandb-client-artifact://iun5x4yr1i15efl9wx0j2bqrsguim74uanmgxwaa0q7vksyemcawlw9299xfrhcw29ssjnw2mv7t1dzk94rwbxocxptmye1122pmjh8t80fytkd3f06fbpg12770ymcu/clustering/student_alignment_A_table.table.json","size":90},"reconstruction/train_loss":4.235254813522715e-12,"training/train_individual_losses/#5":5.610183961834991e-07,"training/train_individual_losses/#4":7.204960894569012e-08,"clustering/student_size":5,"_wandb":{"runtime":1410},"training/train_individual_losses/#0":1.1775946262559955e-07,"_timestamp":1.7634694886133056e+09,"_runtime":1410,"training/train_individual_losses/#9":1.9671321863090618e-11,"training/train_individual_losses/#10":5.711221433557512e-07,"training/train_individual_losses/#19":1.3070451387875437e-09,"training/train_individual_losses/#15":7.070967145139662e-10,"training/train_individual_losses/#6":3.721617680696454e-09,"_step":108,"training/train_loss":3.97277157753706e-07,"training/train_individual_losses/#1":6.928043472242962e-09,"training/train_individual_losses/#7":6.998254753476374e-11,"local_hashname":"d592e06c8b","training/examples":8000,"reconstruction/examples":8000,"training/train_individual_losses/#13":6.270902019878122e-08,"training/train_individual_losses/#16":3.913320085757732e-07,"training/train_individual_losses/#3":1.2482810618497098e-10,"reconstruction/train_individual_losses/#0":4.2352549418922525e-12,"clustering/student_alignment_W_table":{"path":"media/table/clustering/student_alignment_W_table_106_939c790094cafdc1aab2.table.json","ncols":1,"log_mode":"IMMUTABLE","size":126,"artifact_path":"wandb-client-artifact://913rdfsatb2oq5sp1xy86ockthxhl0o43tgjkzu9c1sgrj2ilkpmnzug5q8ecx60xclal4ht2bd1ork05c82k6fmrfoq30pnw58dr44cy1a5orvyxr6c976sily1euam/clustering/student_alignment_W_table.table.json","_latest_artifact_path":"wandb-client-artifact://7i4wdfm8qafbu8ebhkjszy92x9dl4lva5rvsrwv7lpaot2d9jpo5eukst89usy34eib0ylnmx9018uu26w58b1hw14e376aoo1h6w44pthgmpya2f1rjsyckt71sfp0u:latest/clustering/student_alignment_W_table.table.json","sha256":"939c790094cafdc1aab277e50d128b56bb30400f5a6d74d481e3a01186c570f3","nrows":4,"_type":"table-file"},"training/train_individual_losses/#11":1.653942760526661e-09,"training/train_individual_losses/#14":3.781464386065636e-08,"clustering/teacher_size":10,"training/train_individual_losses/#17":5.9893268371524755e-06,"reconstruction/iteration_step":80000}