{"None/train_individual_losses/#18":0.0014289680402725935,"_wandb":{"runtime":39},"_step":5,"None/train_individual_losses/#0":0.0008166520856320858,"None/train_loss":0.0015533491516113282,"_runtime":39,"None/train_individual_losses/#14":0.00187955133151263,"None/train_individual_losses/#5":0.0010775248520076275,"None/train_individual_losses/#11":0.0012359254760667682,"None/train_individual_losses/#1":0.0018469669157639146,"None/train_individual_losses/#3":0.001484839478507638,"None/train_individual_losses/#7":0.0008258807938545942,"None/train_individual_losses/#4":0.000974931928794831,"None/train_individual_losses/#16":0.001986847957596183,"None/train_individual_losses/#17":0.0026846695691347122,"None/train_individual_losses/#10":0.0015110315289348364,"local_hashname":"3c2502264b","None/examples":10000,"None/train_individual_losses/#19":0.0015780560206621885,"None/train_individual_losses/#12":0.0018772371113300323,"None/train_individual_losses/#9":0.0013253310462459922,"None/train_individual_losses/#15":0.00285758706741035,"None/train_individual_losses/#2":0.0010391679825261235,"None/train_individual_losses/#6":0.002051236340776086,"_timestamp":1.7645717806403925e+09,"None/iteration_step":10000,"None/train_individual_losses/#13":0.0008571395883336663,"None/train_individual_losses/#8":0.0017274364363402128}