{"local_hashname":"d592e06c8b","training/train_individual_losses/#3":9.720984195382698e-08,"_timestamp":1.763368272283082e+09,"training/iteration_step":200000,"training/train_individual_losses/#17":1.0857866072910838e-07,"training/train_individual_losses/#9":2.951393582861783e-07,"_wandb":{"runtime":793},"training/train_individual_losses/#4":9.857376200017587e-12,"training/train_individual_losses/#2":9.384109489474213e-09,"training/train_individual_losses/#5":5.3377071651539154e-08,"training/train_individual_losses/#15":6.634769816882269e-11,"training/train_individual_losses/#10":5.426183520285122e-07,"training/train_individual_losses/#7":7.243572213155858e-07,"training/train_individual_losses/#12":1.1494159790625957e-11,"training/train_individual_losses/#11":5.615688891680293e-08,"training/examples":10000,"_runtime":793,"training/train_individual_losses/#13":2.292861213393227e-11,"training/train_individual_losses/#14":1.2765601076214494e-10,"training/train_individual_losses/#1":1.2544743412945536e-06,"training/train_loss":1.9105058163404466e-07,"training/train_individual_losses/#8":4.166553820711405e-12,"_step":101,"training/train_individual_losses/#16":6.078480510041118e-07,"training/train_individual_losses/#19":1.2856794795457205e-10,"training/train_individual_losses/#6":7.955551217797563e-10,"training/train_individual_losses/#0":6.933446004830923e-12,"training/train_individual_losses/#18":7.06948739548352e-08}