{"training/train_individual_losses/#47":3.751147596631199e-05,"training/train_individual_losses/#27":6.032236706232652e-05,"None/train_individual_losses/#6":2.5516533851623535,"training/train_individual_losses/#13":0.00014095976075623184,"None/train_individual_losses/#22":2.5518722534179688,"training/train_individual_losses/#42":4.329390139901079e-05,"None/train_individual_losses/#10":2.6718621253967285,"training/train_individual_losses/#12":0.0002569186326581985,"None/iteration_step":470000,"None/train_individual_losses/#30":2.4284729957580566,"None/train_individual_losses/#27":2.3651628494262695,"training/train_loss":0.0004517987060546875,"None/train_individual_losses/#9":2.454223155975342,"None/train_individual_losses/#29":2.309579372406006,"None/train_individual_losses/#1":2.6724746227264404,"None/train_individual_losses/#5":2.534017562866211,"training/train_individual_losses/#1":0.00027910390053875744,"training/iteration_step":2350000,"None/train_individual_losses/#16":2.609891414642334,"None/train_individual_losses/#32":2.4142532348632812,"training/train_individual_losses/#8":0.0001847329258453101,"None/train_individual_losses/#39":2.3262243270874023,"None/train_individual_losses/#45":2.4766933917999268,"training/train_individual_losses/#16":6.393795047188178e-05,"training/train_individual_losses/#2":1.202999828819884e-05,"None/train_individual_losses/#31":2.416538953781128,"training/train_individual_losses/#9":6.635279714828357e-05,"training/train_individual_losses/#23":0.0008542549330741167,"None/train_individual_losses/#23":2.4438304901123047,"_timestamp":1.7615000078909917e+09,"None/train_individual_losses/#8":2.4166791439056396,"_step":78,"training/train_individual_losses/#26":4.2739036871353164e-05,"None/train_individual_losses/#18":2.5629146099090576,"training/train_individual_losses/#20":0.00010830621613422409,"None/train_individual_losses/#46":2.58811616897583,"training/train_individual_losses/#49":0.00013307567860465497,"training/train_individual_losses/#0":1.3042961654718965e-05,"None/train_individual_losses/#47":2.3677000999450684,"None/train_individual_losses/#11":2.62351131439209,"training/train_individual_losses/#46":9.425159078091383e-05,"training/train_individual_losses/#32":0.0002118256816174835,"None/train_individual_losses/#14":2.4469430446624756,"None/train_individual_losses/#44":4.286731243133545,"None/examples":60000,"training/train_individual_losses/#14":0.00013384962221607566,"None/train_individual_losses/#35":2.3900413513183594,"None/train_individual_losses/#34":4.182976722717285,"training/train_individual_losses/#30":0.0006072525284253061,"None/train_individual_losses/#17":4.357090473175049,"None/train_individual_losses/#4":4.3417205810546875,"training/train_individual_losses/#37":0.0024866927415132523,"None/train_individual_losses/#40":2.6208770275115967,"_wandb":{"runtime":6885},"training/train_individual_losses/#3":0.00019147826242260635,"local_hashname":"57f294b11a","training/train_individual_losses/#28":8.73178487381665e-06,"None/train_individual_losses/#3":2.55523943901062,"None/train_individual_losses/#43":2.568143606185913,"None/train_individual_losses/#26":2.503361701965332,"training/train_individual_losses/#17":1.5647756299586035e-05,"None/train_individual_losses/#7":2.4947879314422607,"training/train_individual_losses/#41":0.00017992360517382622,"time_elapsed":114.1297504901886,"training/train_individual_losses/#31":0.00037566368700936437,"None/train_individual_losses/#2":6.068382740020752,"training/train_individual_losses/#22":0.0019438283052295446,"None/train_individual_losses/#38":2.8524227142333984,"training/train_individual_losses/#7":7.37970694899559e-05,"training/train_individual_losses/#10":8.744093793211505e-05,"None/train_individual_losses/#37":2.637232780456543,"training/train_individual_losses/#36":0.0007057033944875002,"training/train_individual_losses/#18":8.751067070988938e-05,"None/train_individual_losses/#49":2.5584185123443604,"None/train_individual_losses/#13":4.107298851013184,"training/train_individual_losses/#11":9.419558409717865e-06,"training/train_individual_losses/#34":0.00016936664178501815,"training/train_individual_losses/#4":2.0953166313120164e-06,"training/train_individual_losses/#6":0.00016620355017948896,"None/train_individual_losses/#42":4.511384963989258,"training/train_individual_losses/#15":0.00024063534510787576,"training/train_individual_losses/#48":0.004018837586045265,"None/train_individual_losses/#48":4.2944135665893555,"training/train_individual_losses/#39":3.2301057217409834e-05,"None/train_individual_losses/#20":2.5668530464172363,"None/train_individual_losses/#33":4.496255874633789,"training/train_individual_losses/#29":0.00022903554781805724,"None/train_loss":2.9272583333333335,"training/train_individual_losses/#40":0.0008577914559282362,"None/train_individual_losses/#21":2.4296135902404785,"None/train_individual_losses/#36":2.363128662109375,"None/train_individual_losses/#12":2.5241923332214355,"training/train_individual_losses/#21":0.00047819697647355497,"training/train_individual_losses/#44":5.8509482187218964e-05,"training/train_individual_losses/#24":0.0002120423159794882,"None/train_individual_losses/#15":2.3577322959899902,"None/train_individual_losses/#24":2.5978331565856934,"training/train_individual_losses/#19":0.0012950885575264692,"training/train_individual_losses/#45":0.00011986146273557097,"None/train_individual_losses/#41":2.7126357555389404,"training/examples":60000,"None/train_individual_losses/#0":4.251525402069092,"_runtime":6885,"training/train_individual_losses/#5":0.0009030142100527883,"training/train_individual_losses/#38":0.0032111972104758024,"None/train_individual_losses/#28":2.5671796798706055,"training/train_individual_losses/#33":3.555118018994108e-05,"None/train_individual_losses/#25":3.362799644470215,"None/train_individual_losses/#19":2.5700271129608154,"training/train_individual_losses/#35":1.5617075405316427e-05,"training/train_individual_losses/#25":8.120406710077077e-05,"training/train_individual_losses/#43":0.0009537858422845602}