{"None/train_individual_losses/#33":0.00015711355081293732,"None/train_individual_losses/#34":0.0002010413445532322,"training/train_individual_losses/#27":0.00029860579525120556,"training/train_individual_losses/#25":7.877018651925027e-05,"None/train_individual_losses/#32":0.00022582626843359321,"None/train_individual_losses/#4":0.00016559733194299042,"None/train_individual_losses/#0":0.0001603862183401361,"training/train_individual_losses/#13":0.0004002565983682871,"None/train_individual_losses/#20":0.00019566912669688463,"None/train_individual_losses/#25":0.00021737832867074758,"None/train_individual_losses/#30":0.0001514788600616157,"None/train_individual_losses/#39":0.00020629721984732896,"None/train_individual_losses/#19":0.0001708724012132734,"None/train_individual_losses/#24":0.000148077990161255,"training/train_individual_losses/#6":8.922481356421486e-05,"training/train_individual_losses/#47":0.00034995321766473353,"training/train_individual_losses/#24":0.00014401687076315284,"None/train_individual_losses/#44":0.0001545473060104996,"None/train_individual_losses/#12":0.00018208002438768744,"training/train_individual_losses/#0":0.0003797491663135588,"None/train_individual_losses/#15":0.00018295594782102853,"training/train_individual_losses/#40":0.00048532537766732275,"None/train_individual_losses/#10":0.00016990434960462153,"training/train_individual_losses/#3":8.357179467566311e-05,"None/train_individual_losses/#6":0.00017912709154188633,"None/train_individual_losses/#17":0.00018994156562257558,"training/train_individual_losses/#22":0.00033669700496830046,"training/train_individual_losses/#46":0.00022190323215909302,"training/train_individual_losses/#34":8.210071973735467e-05,"training/train_individual_losses/#10":6.40292200841941e-05,"training/train_individual_losses/#18":0.0007200967520475388,"None/train_individual_losses/#18":0.00019938632613047957,"None/train_individual_losses/#21":0.00014354933227878064,"None/train_individual_losses/#1":0.00017249584197998047,"time_elapsed":108.76219177246094,"training/train_individual_losses/#30":8.54697500471957e-05,"training/train_individual_losses/#15":7.706016913289204e-05,"training/train_individual_losses/#2":0.00035995279904454947,"training/train_individual_losses/#28":0.00015977038128767163,"training/train_individual_losses/#23":0.00022587231069337577,"None/train_individual_losses/#38":0.00021996558643877506,"training/train_individual_losses/#32":0.0002493377251084894,"training/examples":60000,"None/train_individual_losses/#27":0.0001945974217960611,"None/train_individual_losses/#42":0.00017385325918439776,"None/train_individual_losses/#46":0.00014745262160431594,"None/train_individual_losses/#31":0.0001817164447857067,"None/train_individual_losses/#26":0.00015873067604843527,"None/train_individual_losses/#43":0.00021255920000839978,"None/train_individual_losses/#14":0.00011738453031284735,"None/train_individual_losses/#22":0.00017991368076764047,"training/train_individual_losses/#44":0.000545944320037961,"None/train_individual_losses/#11":0.00019293413788545877,"training/train_individual_losses/#33":0.00019205994613002986,"None/train_individual_losses/#29":0.00015078428259585053,"training/train_individual_losses/#36":0.0003840852004941553,"training/train_individual_losses/#48":0.00013030492118559778,"training/train_individual_losses/#42":0.0003010195214301348,"None/train_individual_losses/#48":0.00018473669479135424,"None/train_individual_losses/#35":0.0001607641897862777,"training/train_individual_losses/#19":0.0004969598376192153,"training/train_individual_losses/#12":0.0004008188843727112,"training/train_individual_losses/#4":0.00010834928252734244,"training/train_individual_losses/#14":0.00013648024469148368,"None/train_individual_losses/#5":0.00024668549303896725,"training/train_individual_losses/#16":0.00019914274162147194,"training/train_individual_losses/#39":0.00034530850825831294,"training/train_individual_losses/#7":0.0002021744876401499,"None/train_loss":0.00017943180338541667,"training/train_individual_losses/#20":0.00013455611770041287,"training/train_individual_losses/#11":6.113866402301937e-05,"None/train_individual_losses/#13":0.00018241289944853634,"None/train_individual_losses/#37":0.00018074701074510813,"training/train_individual_losses/#29":0.00010219398245681077,"training/train_individual_losses/#37":0.00015765814168844372,"training/train_loss":0.00023603497314453125,"None/train_individual_losses/#7":0.00020942697301506996,"training/train_individual_losses/#8":0.00021868306794203818,"training/train_individual_losses/#21":5.5235672334674746e-05,"training/train_individual_losses/#35":7.222546264529228e-05,"None/train_individual_losses/#9":0.00016867247177287936,"None/train_individual_losses/#23":0.00015662821533624083,"None/train_individual_losses/#45":0.00017893314361572266,"None/train_individual_losses/#16":0.00019240811525378376,"training/train_individual_losses/#31":0.00041810330003499985,"None/train_individual_losses/#47":0.00014139329141471535,"None/train_individual_losses/#41":0.00020948704332113266,"None/train_individual_losses/#2":0.00021148653468117118,"None/train_individual_losses/#3":0.0001684138987911865,"None/train_individual_losses/#36":0.00016431644326075912,"None/examples":60000,"training/train_individual_losses/#41":9.024827159009874e-05,"local_hashname":"f0dd86d1b1","None/train_individual_losses/#49":0.00016830151434987783,"None/train_individual_losses/#40":0.0001770935341482982,"training/train_individual_losses/#45":0.00029929139418527484,"_step":303,"training/train_individual_losses/#49":0.0005962350405752659,"training/iteration_step":2350000,"training/train_individual_losses/#5":6.389361806213856e-05,"training/train_individual_losses/#9":0.0002679851895663887,"None/train_individual_losses/#28":0.00018070326768793166,"training/train_individual_losses/#26":0.00033190532121807337,"_runtime":30889,"_timestamp":1.7630527585736837e+09,"training/train_individual_losses/#1":4.3468848161865026e-05,"_wandb":{"runtime":30889},"training/train_individual_losses/#17":8.36431427160278e-05,"None/train_individual_losses/#8":0.00018536341667640954,"training/train_individual_losses/#43":0.00038971140747889876,"training/train_individual_losses/#38":8.115850505419075e-05,"None/iteration_step":470000}