{"None/train_individual_losses/#25":2.995134115219116,"None/train_individual_losses/#38":3.354781150817871,"training/train_individual_losses/#5":0.0001533414178993553,"training/train_individual_losses/#18":7.842814375180751e-05,"training/train_individual_losses/#2":0.0001371276448480785,"None/train_individual_losses/#3":3.9611144065856934,"training/train_individual_losses/#23":0.00013840157771483064,"training/train_individual_losses/#32":7.912860019132495e-05,"training/train_individual_losses/#21":2.5811859813984483e-05,"training/train_individual_losses/#14":5.480284380610101e-05,"training/train_individual_losses/#43":0.00018850542255677283,"None/train_individual_losses/#24":2.299635171890259,"training/train_individual_losses/#42":0.00039425588329322636,"training/train_individual_losses/#13":9.450877769268118e-06,"training/train_individual_losses/#26":0.00017243951151613146,"training/train_individual_losses/#20":3.166888564010151e-05,"None/train_individual_losses/#5":4.159337043762207,"None/train_individual_losses/#14":2.571528673171997,"None/train_individual_losses/#39":1.8123269081115723,"None/train_individual_losses/#18":3.6271517276763916,"training/train_individual_losses/#19":0.00020050675084348768,"training/train_individual_losses/#1":3.308716031824588e-06,"None/train_individual_losses/#21":2.9751007556915283,"None/train_individual_losses/#19":3.4400107860565186,"training/train_individual_losses/#35":1.470479037379846e-05,"_timestamp":1.7607556133364327e+09,"None/train_individual_losses/#43":3.719179630279541,"None/train_individual_losses/#33":2.044599771499634,"training/examples":60000,"None/examples":60000,"training/iteration_step":2350000,"None/train_individual_losses/#31":3.682541608810425,"None/train_individual_losses/#7":2.8574230670928955,"training/train_individual_losses/#25":6.625514652114362e-05,"training/train_individual_losses/#22":0.0002482493582647294,"training/train_individual_losses/#15":6.396634853444993e-05,"training/train_individual_losses/#33":0.00013012022827751935,"training/train_individual_losses/#41":0.00013060584024060518,"None/train_individual_losses/#17":2.6868655681610107,"None/train_individual_losses/#42":2.8414461612701416,"training/train_individual_losses/#38":9.078477887669578e-05,"training/train_individual_losses/#29":0.0005211021634750068,"None/train_individual_losses/#20":2.7327730655670166,"None/train_individual_losses/#2":2.520580291748047,"None/train_individual_losses/#45":1.817169189453125,"None/train_individual_losses/#0":3.370378017425537,"None/train_individual_losses/#26":2.681401491165161,"training/train_individual_losses/#17":0.00016536671319045126,"training/train_individual_losses/#12":2.9859911592211574e-05,"None/iteration_step":470000,"None/train_individual_losses/#28":2.8284828662872314,"None/train_individual_losses/#32":2.7113046646118164,"None/train_individual_losses/#36":3.108541965484619,"training/train_individual_losses/#11":0.0007053049048408866,"training/train_individual_losses/#28":8.97191057447344e-05,"None/train_individual_losses/#15":3.6746017932891846,"None/train_individual_losses/#40":3.4568190574645996,"_runtime":80766,"training/train_individual_losses/#37":0.0004085411783307791,"None/train_individual_losses/#34":3.0002076625823975,"None/train_individual_losses/#10":2.4930403232574463,"None/train_individual_losses/#4":2.6308798789978027,"training/train_individual_losses/#6":6.419769488275051e-05,"None/train_individual_losses/#41":2.588233709335327,"training/train_individual_losses/#7":0.00047468682168982923,"None/train_individual_losses/#6":3.8420557975769043,"None/train_individual_losses/#46":2.891197919845581,"None/train_individual_losses/#27":2.148153066635132,"training/train_individual_losses/#47":0.00041815126314759254,"training/train_individual_losses/#46":0.0005323198856785893,"training/train_individual_losses/#16":5.731119017582387e-05,"None/train_individual_losses/#23":2.520310640335083,"training/train_individual_losses/#40":0.00017586644389666617,"None/train_individual_losses/#47":2.115056276321411,"None/train_individual_losses/#35":3.737109899520874,"training/train_individual_losses/#49":0.00026545688160695136,"training/train_individual_losses/#9":0.00012989953393116593,"training/train_individual_losses/#4":0.00025446241488680243,"None/train_individual_losses/#22":3.3030903339385986,"training/train_individual_losses/#39":0.00019153587345499545,"None/train_individual_losses/#48":1.3413339853286743,"None/train_individual_losses/#8":2.1023337841033936,"training/train_individual_losses/#45":2.3535250875283964e-05,"None/train_individual_losses/#11":2.7483551502227783,"None/train_individual_losses/#37":1.744107961654663,"None/train_individual_losses/#13":2.080113410949707,"training/train_individual_losses/#34":0.00013590086018666625,"local_hashname":"263dcb453e","_wandb":{"runtime":80766},"None/train_individual_losses/#1":3.2161338329315186,"training/train_individual_losses/#3":0.000933831266593188,"_step":303,"training/train_individual_losses/#10":1.2573184903885704e-05,"training/train_individual_losses/#24":1.612187952559907e-05,"training/train_individual_losses/#31":0.00032042304519563913,"None/train_individual_losses/#29":3.746100425720215,"None/train_individual_losses/#30":3.3316094875335693,"None/train_individual_losses/#16":2.0545918941497803,"training/train_individual_losses/#27":3.2547435694141313e-05,"training/train_individual_losses/#48":5.510322353075026e-06,"None/train_individual_losses/#49":2.295362710952759,"training/train_loss":0.00019399544270833335,"time_elapsed":311.79514360427856,"training/train_individual_losses/#8":0.0005807982524856925,"training/train_individual_losses/#0":0.00039758707862347364,"None/train_loss":2.8395786666666667,"None/train_individual_losses/#9":3.3162248134613037,"training/train_individual_losses/#36":0.0002329616399947554,"training/train_individual_losses/#30":5.07446238771081e-05,"None/train_individual_losses/#12":3.032865285873413,"training/train_individual_losses/#44":6.159141776151955e-05,"None/train_individual_losses/#44":1.770255208015442}