{"None/train_individual_losses/#8":0.9369494915008545,"_timestamp":1.7645718960092623e+09,"None/train_individual_losses/#0":0.5154889225959778,"None/train_loss":0.77957828125,"None/train_individual_losses/#14":0.7839229702949524,"None/train_individual_losses/#7":0.7157089114189148,"_wandb":{"runtime":8},"None/train_individual_losses/#17":1.6258736848831177,"None/train_individual_losses/#10":0.5902984142303467,"None/train_individual_losses/#6":0.8361966609954834,"None/iteration_step":0,"None/train_individual_losses/#5":0.9631027579307556,"None/train_individual_losses/#2":0.5537521243095398,"_step":0,"None/train_individual_losses/#1":0.7409709692001343,"None/train_individual_losses/#11":0.9510164856910706,"None/train_individual_losses/#12":0.6487097144126892,"None/train_individual_losses/#13":0.5302654504776001,"None/train_individual_losses/#15":0.8314523696899414,"local_hashname":"3c2502264b","None/train_individual_losses/#9":1.0217241048812866,"None/train_individual_losses/#3":0.3720581829547882,"None/train_individual_losses/#4":0.487596720457077,"None/train_individual_losses/#18":1.2182598114013672,"_runtime":8,"None/train_individual_losses/#16":0.4695354104042053,"None/train_individual_losses/#19":0.7986812591552734,"None/examples":10000}