{"training/train_individual_losses/#14":110.88229370117188,"training/train_individual_losses/#18":110.8696060180664,"training/train_individual_losses/#8":111.10746002197266,"training/train_individual_losses/#10":110.74243927001953,"_timestamp":1.7606249315942516e+09,"training/train_individual_losses/#5":111.1806411743164,"_wandb":{"runtime":606},"training/train_individual_losses/#6":111.15872192382812,"training/train_individual_losses/#15":111.18500518798828,"training/examples":60000,"training/train_individual_losses/#9":110.93827819824219,"training/train_individual_losses/#2":110.57706451416016,"training/train_individual_losses/#16":111.04193115234375,"time_elapsed":144.6877155303955,"training/train_individual_losses/#7":111.0396499633789,"training/train_loss":111.01449333333333,"training/train_individual_losses/#1":111.51241302490234,"local_hashname":"a04c4aed4b","training/train_individual_losses/#13":110.83155822753906,"training/train_individual_losses/#3":110.8111801147461,"training/train_individual_losses/#4":110.75440979003906,"_step":5,"_runtime":606.964071028,"training/iteration_step":0,"training/train_individual_losses/#19":111.2618179321289,"training/train_individual_losses/#17":111.11869812011719,"training/train_individual_losses/#0":111.00169372558594,"training/train_individual_losses/#11":111.12096405029297,"training/train_individual_losses/#12":111.15399169921875}