{"None/train_individual_losses/#10":0.00577297480776906,"None/examples":10000,"None/train_individual_losses/#11":0.0174623504281044,"local_hashname":"3c2502264b","None/train_individual_losses/#14":0.012688307091593742,"None/train_individual_losses/#0":0.012405047193169594,"None/train_individual_losses/#19":0.004670933820307255,"None/train_individual_losses/#12":0.017819054424762726,"None/train_individual_losses/#5":0.005854489281773567,"None/train_individual_losses/#16":0.02096761390566826,"None/train_individual_losses/#8":0.004602780099958181,"None/train_individual_losses/#9":0.01586669124662876,"_step":1,"None/train_individual_losses/#6":0.006206562276929617,"None/train_individual_losses/#13":0.013482521288096905,"_timestamp":1.7645721888832426e+09,"None/train_individual_losses/#18":0.0017838134663179517,"None/train_individual_losses/#4":0.004878845531493425,"None/train_individual_losses/#1":0.03165575861930847,"None/iteration_step":2000,"None/train_individual_losses/#15":0.007597467862069607,"None/train_individual_losses/#2":0.005036345683038235,"None/train_loss":0.0103400146484375,"_wandb":{"runtime":13},"None/train_individual_losses/#17":0.006382719613611698,"None/train_individual_losses/#7":0.004760703071951866,"_runtime":13,"None/train_individual_losses/#3":0.006905312184244394}