{"None/train_individual_losses/#13":0.0006057324353605509,"None/examples":10000,"None/train_individual_losses/#17":0.0017736167646944523,"None/train_individual_losses/#4":0.0007239357801154256,"None/train_individual_losses/#14":0.0011593669187277555,"None/train_individual_losses/#5":0.0006595478625968099,"None/train_individual_losses/#1":0.001541371806524694,"_timestamp":1.764571921771096e+09,"None/train_individual_losses/#18":0.0011536524398252368,"None/train_individual_losses/#9":0.0008053045021370053,"None/train_individual_losses/#11":0.0008332448196597397,"None/train_individual_losses/#2":0.0006130767869763076,"None/train_individual_losses/#8":0.0010550119914114475,"None/train_individual_losses/#12":0.0014532478526234627,"_wandb":{"runtime":15},"None/train_individual_losses/#10":0.000867345544975251,"None/train_loss":0.0010598733520507813,"None/train_individual_losses/#19":0.001042892225086689,"None/train_individual_losses/#0":0.0005477027152664959,"None/iteration_step":12000,"_runtime":15,"_step":1,"None/train_individual_losses/#7":0.0005304664373397827,"local_hashname":"3c2502264b","None/train_individual_losses/#3":0.0010801497846841812,"None/train_individual_losses/#6":0.0015965061029419303,"None/train_individual_losses/#16":0.0011300890473648906,"None/train_individual_losses/#15":0.0020252049434930086}