{"None/train_individual_losses/#29":0.001596244634129107,"training/train_individual_losses/#36":7.890866254456341e-05,"training/train_individual_losses/#7":3.061004099436104e-05,"training/train_individual_losses/#40":0.0006099078455008566,"None/train_individual_losses/#2":0.001546604442410171,"None/train_individual_losses/#13":0.0009790884796530008,"training/train_individual_losses/#20":8.412890747422352e-05,"None/train_individual_losses/#28":0.0006115183932706714,"None/train_individual_losses/#41":0.0012167015811428428,"None/train_individual_losses/#0":0.0015881143044680357,"training/train_individual_losses/#19":4.4791089749196544e-05,"training/train_individual_losses/#10":4.463529330678284e-05,"_step":303,"training/train_individual_losses/#1":7.404082862194628e-05,"None/train_individual_losses/#7":0.0019298377446830273,"None/train_individual_losses/#15":0.0088887894526124,"None/train_individual_losses/#34":0.001976405270397663,"None/train_individual_losses/#8":0.0009073814144358039,"None/train_individual_losses/#44":0.00414984580129385,"training/train_individual_losses/#30":8.040832472033799e-05,"None/train_individual_losses/#16":0.0046611628495156765,"training/train_individual_losses/#48":0.0006639081984758377,"None/train_individual_losses/#32":0.0019539096392691135,"_timestamp":1.761348663740779e+09,"None/train_individual_losses/#33":0.0006141322082839906,"None/train_individual_losses/#49":0.002255323575809598,"training/train_individual_losses/#35":5.372811574488878e-05,"training/train_individual_losses/#0":0.00011411957530071959,"None/train_individual_losses/#6":0.0049851625226438046,"training/train_individual_losses/#43":0.0001630115875741467,"training/train_individual_losses/#34":3.994520375272259e-05,"training/iteration_step":2350000,"None/train_individual_losses/#42":0.0013814574340358377,"training/train_individual_losses/#14":0.0005715352017432451,"None/train_individual_losses/#17":0.004381644073873758,"training/train_individual_losses/#24":5.671432882081717e-05,"training/train_individual_losses/#33":4.503172749537043e-05,"None/train_individual_losses/#46":0.0018229783745482564,"training/train_individual_losses/#32":4.096076372661628e-05,"None/train_individual_losses/#45":0.004581482149660587,"None/train_individual_losses/#39":0.00396797526627779,"None/train_individual_losses/#20":0.0013673205394297838,"None/train_individual_losses/#9":0.001253891852684319,"training/train_individual_losses/#45":7.194923819042742e-05,"training/train_individual_losses/#41":0.0001842399942688644,"None/train_individual_losses/#22":0.0025915917940437794,"_runtime":34745,"None/train_individual_losses/#30":0.0009119364549405873,"None/train_individual_losses/#25":0.003552817739546299,"None/train_individual_losses/#18":0.0016537130577489734,"None/train_individual_losses/#48":0.0020268040243536234,"training/train_individual_losses/#38":0.00011678315786411986,"training/train_individual_losses/#12":0.0005165270995348692,"training/train_individual_losses/#18":6.25856191618368e-05,"training/train_individual_losses/#39":0.00032548303715884686,"training/train_individual_losses/#16":0.00018985141650773585,"None/train_individual_losses/#24":0.001912684179842472,"training/train_individual_losses/#5":5.606296326732263e-05,"None/train_individual_losses/#19":0.0009829028276726604,"None/train_individual_losses/#36":0.0012556141009554267,"training/train_individual_losses/#29":0.00011926412844331935,"None/train_individual_losses/#10":0.0016676660161465406,"training/train_individual_losses/#3":8.008030272321776e-05,"training/train_individual_losses/#8":0.00014576713147107512,"time_elapsed":125.51553869247437,"None/train_loss":0.00268229638671875,"training/train_individual_losses/#42":5.3984371334081516e-05,"training/train_individual_losses/#17":3.0508035706589e-05,"training/train_individual_losses/#22":0.00016482057981193066,"training/train_individual_losses/#26":0.00010024107905337587,"None/train_individual_losses/#3":0.002111088717356324,"None/train_individual_losses/#27":0.0008305249502882361,"training/train_individual_losses/#31":0.00024602055782452226,"None/train_individual_losses/#11":0.002690754132345319,"_wandb":{"runtime":34745},"None/train_individual_losses/#4":0.000762397947255522,"training/train_individual_losses/#49":5.022149707656354e-05,"training/train_individual_losses/#23":0.0004082722298335284,"training/train_individual_losses/#47":0.00013163570838514715,"None/train_individual_losses/#23":0.0015831831842660904,"None/train_individual_losses/#14":0.0021991822868585587,"local_hashname":"c95c879305","training/train_individual_losses/#28":4.58613685623277e-05,"training/examples":60000,"training/train_individual_losses/#6":5.256275471765548e-05,"training/train_individual_losses/#2":4.2358398786745965e-05,"None/train_individual_losses/#26":0.0017879609949886799,"training/train_individual_losses/#9":0.00027898108237423003,"None/train_individual_losses/#5":0.002028730930760503,"None/train_individual_losses/#47":0.0024832794442772865,"None/iteration_step":470000,"None/train_individual_losses/#31":0.0022432836703956127,"training/train_individual_losses/#44":0.00010918710904661566,"None/train_individual_losses/#38":0.018369143828749657,"None/examples":60000,"training/train_loss":0.00014615272013346355,"None/train_individual_losses/#40":0.006083293352276087,"training/train_individual_losses/#21":5.397473069024272e-05,"None/train_individual_losses/#43":0.002422938821837306,"training/train_individual_losses/#25":7.843539060559124e-05,"training/train_individual_losses/#15":0.0003079415182583034,"training/train_individual_losses/#37":8.167869236785918e-05,"None/train_individual_losses/#35":0.0010386931244283915,"training/train_individual_losses/#13":5.091440834803507e-05,"None/train_individual_losses/#37":0.0005995928659103811,"training/train_individual_losses/#46":0.00012701808009296656,"None/train_individual_losses/#21":0.0008037395309656858,"training/train_individual_losses/#27":0.00010474137525307015,"training/train_individual_losses/#11":6.207807746250182e-05,"training/train_individual_losses/#4":6.121867772890255e-05,"None/train_individual_losses/#12":0.010602390393614769,"None/train_individual_losses/#1":0.00030192514532245696}