{"training/train_loss":111.01846,"training/train_individual_losses/#7":109.61026000976562,"training/train_individual_losses/#4":111.06839752197266,"training/train_individual_losses/#6":110.7703857421875,"training/train_individual_losses/#1":110.71233367919922,"training/iteration_step":0,"local_hashname":"1ed756b8b8","_runtime":403.212412011,"training/train_individual_losses/#5":110.77214813232422,"training/train_individual_losses/#2":111.38932037353516,"training/examples":60000,"_step":5,"_wandb":{"runtime":403},"training/train_individual_losses/#8":111.19715881347656,"training/train_individual_losses/#3":111.12751007080078,"_timestamp":1.7606239317846758e+09,"training/train_individual_losses/#0":112.67486572265625,"training/train_individual_losses/#9":110.86205291748047,"time_elapsed":90.52231645584106}