{"training/train_loss":7.277428521774709e-08,"_step":159,"reconstruction/examples":8000,"training/train_individual_losses/#18":1.1407125910523064e-08,"training/train_individual_losses/#8":3.315408392268182e-08,"training/train_individual_losses/#11":7.3082784268763135e-09,"local_hashname":"f0eefa712d","training/train_individual_losses/#17":4.831671063243448e-09,"training/train_individual_losses/#16":1.0404153982790376e-08,"training/train_individual_losses/#12":1.0012555229366171e-08,"_runtime":1052,"training/train_individual_losses/#15":1.8861523898294763e-08,"training/train_individual_losses/#2":4.79341338177619e-07,"_wandb":{"runtime":1052},"training/train_individual_losses/#6":7.685482472652438e-08,"training/train_individual_losses/#0":9.23958065612851e-09,"training/train_individual_losses/#13":1.2688519568371248e-08,"training/train_individual_losses/#3":2.303143098458804e-08,"reconstruction/train_individual_losses/#0":2.3942375264596194e-06,"reconstruction/train_loss":2.39423755556345e-06,"training/train_individual_losses/#14":2.996701198298979e-08,"training/train_individual_losses/#7":4.503640695929789e-07,"reconstruction/iteration_step":80000,"clustering/teacher_size":10,"clustering/student_alignment_W_table":{"nrows":4,"path":"media/table/clustering/student_alignment_W_table_157_a6fa5a17bf9bbdcaedd4.table.json","_latest_artifact_path":"wandb-client-artifact://5m7mtbb2qre1nq7epqn2k2z74hxu450ex7au36h5xlex7rnfvt85jxtp1hvfrg3ilfcfoc0rmi6dbks19gh3dvrx81r4n7ufvtjbfz47yuk7v8m3yb8ymozn0mrvxewz:latest/clustering/student_alignment_W_table.table.json","artifact_path":"wandb-client-artifact://bj8iedueya11pkhqc4j7ugj535z7dr8qixoebugxm2cqmmgrbb4g3nc6b1pst8c0jz51vwjq97qdh7wbu3dihip8l20znoitsdbve14xxvcv00iu8dtdqyxw1d0mqmi3/clustering/student_alignment_W_table.table.json","_type":"table-file","log_mode":"IMMUTABLE","size":136,"ncols":1,"sha256":"a6fa5a17bf9bbdcaedd42fefd9be6ec398b4f0252defd97d282f1ca476f1123a"},"clustering/student_size":2,"_timestamp":1.7641561005599468e+09,"training/train_individual_losses/#10":1.2299514651203936e-07,"training/examples":8000,"training/train_individual_losses/#5":4.4955577038763295e-08,"training/iteration_step":160000,"clustering/student_alignment_A_table":{"sha256":"57d6829451a9259bdbd144fbc69076bc337c16ccf2669bcc0bde39569ea3a095","ncols":1,"_type":"table-file","artifact_path":"wandb-client-artifact://97q73mlgko1elz23maenm4dt7p7is42l0tdl4ky10elh3g697e7l73dslw8ffpoe2y9lsv1dkcmus8wqqc2y2roeazto95hfncbc50m9czgahi7ycp65kh7mp2k76tub/clustering/student_alignment_A_table.table.json","size":90,"_latest_artifact_path":"wandb-client-artifact://pojnw4bm8hu0d7mvhtd7sdmxkcb3har8n6bctowgjj5szuyj9vhcptfwghnxhppbbaq2r4k0qn1b24hfkiej54w2xrf5lolz8wdaxdig1eo7sfmb7p834x0338a5jiu8:latest/clustering/student_alignment_A_table.table.json","nrows":4,"log_mode":"IMMUTABLE","path":"media/table/clustering/student_alignment_A_table_158_57d6829451a9259bdbd1.table.json"},"training/train_individual_losses/#1":3.670857395832172e-08,"training/train_individual_losses/#19":1.4316390739566032e-08,"training/train_individual_losses/#9":2.8735580581695785e-09,"training/train_individual_losses/#4":5.6170339490790866e-08}