{"None/train_individual_losses/#18":4.267549514770508,"_runtime":299,"None/iteration_step":18800,"None/train_individual_losses/#6":5.637710094451904,"None/train_individual_losses/#14":5.522351264953613,"None/examples":60000,"None/train_individual_losses/#9":4.733144283294678,"None/train_individual_losses/#16":4.849545001983643,"local_hashname":"a04c4aed4b","_wandb":{"runtime":299},"None/train_individual_losses/#17":5.178989887237549,"None/train_individual_losses/#1":5.122520923614502,"None/train_individual_losses/#3":4.128744602203369,"None/train_individual_losses/#8":5.786248207092285,"_timestamp":1.7606689520614538e+09,"None/train_individual_losses/#15":4.684254169464111,"None/train_individual_losses/#5":5.606443881988525,"None/train_individual_losses/#12":5.113507270812988,"None/train_individual_losses/#0":5.54438591003418,"None/train_individual_losses/#7":5.992502689361572,"None/train_individual_losses/#4":4.814269065856934,"None/train_individual_losses/#13":3.978574275970459,"None/train_individual_losses/#19":6.508969783782959,"None/train_individual_losses/#2":5.588780403137207,"None/train_loss":5.150495416666667,"None/train_individual_losses/#10":4.676604747772217,"_step":2,"None/train_individual_losses/#11":5.274805068969727}