{"_runtime":1283,"None/train_individual_losses/#5":8.051691838772967e-05,"None/train_individual_losses/#9":1.839888318500016e-05,"_step":153,"None/train_individual_losses/#19":8.060338586801663e-05,"training/train_individual_losses/#9":1.667642663960578e-07,"training/train_individual_losses/#1":7.190459996309073e-07,"None/train_individual_losses/#0":1.5048225577629637e-05,"training/train_individual_losses/#15":7.407294333461323e-07,"None/train_individual_losses/#11":0.00010963690147036687,"training/train_individual_losses/#12":1.0156416465179063e-05,"None/train_individual_losses/#7":5.602972805718309e-07,"None/train_loss":6.0309023857116696e-05,"training/train_individual_losses/#13":5.960809630778385e-06,"None/train_individual_losses/#14":4.384664134704508e-05,"training/examples":10000,"_timestamp":1.7645595510721908e+09,"training/train_individual_losses/#6":7.872360583860427e-06,"training/train_individual_losses/#7":3.193503346210491e-07,"training/train_individual_losses/#14":1.421098659193376e-06,"None/train_individual_losses/#13":2.303152359672822e-05,"None/iteration_step":100000,"None/train_individual_losses/#18":8.80123843671754e-05,"None/train_individual_losses/#10":3.092607585131191e-05,"training/train_individual_losses/#2":8.026782779779751e-06,"None/train_individual_losses/#4":6.763940291421022e-06,"None/examples":10000,"None/train_individual_losses/#12":6.060553278075531e-05,"None/train_individual_losses/#6":9.807330934563652e-05,"training/train_individual_losses/#11":1.769496884662658e-05,"local_hashname":"3c2502264b","None/train_individual_losses/#1":0.00031512905843555927,"training/train_loss":7.76122510433197e-06,"training/train_individual_losses/#0":1.6780721125542186e-05,"training/train_individual_losses/#17":1.155547764142284e-07,"training/train_individual_losses/#4":8.899221938918345e-06,"None/train_individual_losses/#2":1.8275923139299266e-05,"training/train_individual_losses/#18":1.1647951396298595e-05,"training/train_individual_losses/#10":1.5608624380547553e-05,"training/iteration_step":200000,"training/train_individual_losses/#3":1.853454341471661e-05,"training/train_individual_losses/#5":2.540887908253353e-05,"None/train_individual_losses/#15":3.584202659112634e-06,"None/train_individual_losses/#17":6.113277049735188e-05,"None/train_individual_losses/#16":0.00010236905654892325,"training/train_individual_losses/#19":2.869510353775695e-06,"training/train_individual_losses/#8":1.9941242044296814e-06,"training/train_individual_losses/#16":2.870304172120086e-07,"None/train_individual_losses/#8":1.3924861377745401e-05,"None/train_individual_losses/#3":3.5740558814723045e-05,"_wandb":{"runtime":1283}}