{"None/train_individual_losses/#7":0.00020885319099761546,"None/train_loss":4.171802520751953e-05,"None/train_individual_losses/#6":4.234676816849969e-05,"None/train_individual_losses/#3":3.965434734709561e-05,"training/train_loss":3.877693116664886e-06,"_step":153,"training/examples":10000,"_runtime":1256,"training/train_individual_losses/#7":5.789786882814951e-06,"None/train_individual_losses/#4":3.418742153371568e-06,"None/iteration_step":100000,"training/train_individual_losses/#9":5.903887085878523e-07,"None/examples":10000,"None/train_individual_losses/#8":2.62351886703982e-06,"_timestamp":1.7645571252817745e+09,"training/train_individual_losses/#6":1.0544483757257694e-06,"training/train_individual_losses/#4":1.7445884736844164e-07,"None/train_individual_losses/#5":4.0345112211070955e-06,"training/train_individual_losses/#3":7.909703185760009e-07,"local_hashname":"6c987cb398","training/train_individual_losses/#0":1.912384732349892e-06,"None/train_individual_losses/#1":5.919509476370877e-06,"training/train_individual_losses/#2":1.970675356233187e-07,"_wandb":{"runtime":1256},"None/train_individual_losses/#9":1.2599603905982804e-05,"training/iteration_step":200000,"training/train_individual_losses/#1":8.032128789636772e-06,"None/train_individual_losses/#0":9.969240636564791e-06,"training/train_individual_losses/#8":1.7757762179826386e-05,"None/train_individual_losses/#2":8.77608108567074e-05,"training/train_individual_losses/#5":2.4775347355898703e-06}