{"None/train_individual_losses/#2":0.006685533095151186,"_timestamp":1.7645720532970407e+09,"None/train_individual_losses/#15":0.01763603836297989,"_runtime":18,"None/train_individual_losses/#16":0.007387111894786358,"None/train_individual_losses/#5":0.006887983065098524,"None/train_individual_losses/#17":0.006056805606931448,"None/train_individual_losses/#7":0.007201775908470154,"None/train_loss":0.0108666064453125,"None/train_individual_losses/#13":0.012047923170030117,"None/train_individual_losses/#8":0.00806712731719017,"None/train_individual_losses/#11":0.010176231153309345,"None/iteration_step":2000,"_wandb":{"runtime":18},"None/train_individual_losses/#18":0.01077700313180685,"None/train_individual_losses/#1":0.006880706641823053,"None/train_individual_losses/#10":0.021359210833907127,"None/train_individual_losses/#9":0.011985378339886665,"None/examples":10000,"None/train_individual_losses/#19":0.006387222092598677,"None/train_individual_losses/#6":0.005223113112151623,"None/train_individual_losses/#0":0.006137613207101822,"None/train_individual_losses/#4":0.012013845145702362,"None/train_individual_losses/#3":0.04342297837138176,"_step":1,"None/train_individual_losses/#12":0.006193782202899456,"local_hashname":"3c2502264b","None/train_individual_losses/#14":0.004804749041795731}