{"_wandb":{"runtime":992},"training/train_individual_losses/#8":5.7368715715711005e-06,"None/train_individual_losses/#6":1.4775836461922154e-05,"None/train_loss":8.810007572174073e-05,"training/train_individual_losses/#1":4.374977834231686e-06,"training/train_individual_losses/#3":3.272170715717948e-06,"None/train_individual_losses/#5":0.00012357991363387555,"training/train_individual_losses/#7":2.2680795154883526e-05,"None/examples":8000,"None/train_individual_losses/#9":0.00020752337877638638,"training/train_individual_losses/#5":2.8792544526368147e-06,"None/train_individual_losses/#8":0.00014154086238704622,"training/examples":8000,"None/train_individual_losses/#1":0.0001324593904428184,"training/train_individual_losses/#6":5.955703727522632e-06,"training/train_loss":8.282238245010376e-06,"None/train_individual_losses/#0":0.00020347375539131463,"local_hashname":"a503755aea","None/train_individual_losses/#7":1.21502744150348e-05,"training/iteration_step":160000,"training/train_individual_losses/#0":1.6202011465793476e-05,"None/train_individual_losses/#2":2.618326834635809e-05,"_step":153,"None/train_individual_losses/#4":1.3689114894077647e-05,"_timestamp":1.7634586468027277e+09,"None/iteration_step":80000,"None/train_individual_losses/#3":5.624929144687485e-06,"_runtime":992,"training/train_individual_losses/#2":8.21976937004365e-06,"training/train_individual_losses/#4":8.236867870436981e-06,"training/train_individual_losses/#9":5.263952971290564e-06}