{"training/train_individual_losses/#0":1.1393836757633835e-05,"_step":1,"training/train_individual_losses/#5":6.5287885320231e-08,"training/train_individual_losses/#4":1.1008576166204875e-06,"training/train_individual_losses/#13":6.808096486565773e-08,"training/train_individual_losses/#7":7.018045835138764e-06,"training/train_individual_losses/#9":1.299862105952343e-05,"training/train_individual_losses/#8":2.0755578589159995e-05,"training/train_individual_losses/#10":8.069575414992869e-06,"_runtime":50,"training/train_individual_losses/#2":2.6603465812513605e-05,"training/iteration_step":10000,"training/train_individual_losses/#1":1.1140349670313299e-05,"training/train_individual_losses/#6":1.3779762753074465e-07,"training/train_individual_losses/#19":1.0938894774881192e-05,"training/train_individual_losses/#18":1.251297362614423e-05,"training/train_individual_losses/#15":9.436256732442416e-06,"training/train_individual_losses/#16":1.9430462998570874e-05,"training/train_individual_losses/#3":1.3868315363652073e-05,"training/train_individual_losses/#17":6.808483590248215e-07,"_wandb":{"runtime":50},"_timestamp":1.7633664396899087e+09,"training/train_individual_losses/#12":9.106383913604077e-08,"local_hashname":"6830710519","training/train_loss":9.507194519042969e-06,"training/train_individual_losses/#14":1.0443879546073731e-05,"training/examples":100000,"training/train_individual_losses/#11":1.3389732885116246e-05}