{"None/train_individual_losses/#2":0.000657564087305218,"None/train_individual_losses/#11":0.0008886965806595981,"None/train_individual_losses/#8":0.0010912581346929073,"None/train_individual_losses/#3":0.0011247945949435234,"None/train_individual_losses/#9":0.0008390274015255272,"None/train_loss":0.0011101646423339845,"None/examples":10000,"None/train_individual_losses/#1":0.0015921997837722301,"None/train_individual_losses/#15":0.00206901622004807,"_step":0,"None/train_individual_losses/#12":0.0014912690967321396,"None/train_individual_losses/#5":0.0007194822537712753,"None/train_individual_losses/#10":0.0009285372798331082,"None/train_individual_losses/#18":0.0011893295450136065,"None/train_individual_losses/#17":0.0018470876384526491,"None/train_individual_losses/#14":0.0012109008384868503,"None/train_individual_losses/#13":0.0006648413254879415,"None/train_individual_losses/#4":0.0007647502352483571,"None/train_individual_losses/#7":0.0005849978188052773,"None/train_individual_losses/#19":0.0011030195746570826,"None/iteration_step":12000,"None/train_individual_losses/#0":0.0005632124957628548,"None/train_individual_losses/#16":0.001236069481819868,"None/train_individual_losses/#6":0.0016372379614040256,"local_hashname":"3c2502264b","_runtime":11,"_timestamp":1.7645722554081073e+09,"_wandb":{"runtime":11}}