{"None/train_individual_losses/#11":3.296219119874877e-06,"None/train_individual_losses/#10":2.9163934414100368e-06,"None/train_individual_losses/#12":6.031228258507326e-05,"local_hashname":"3c2502264b","None/train_individual_losses/#0":1.1312790775264148e-06,"None/train_loss":1.1416873931884766e-05,"_step":51,"_timestamp":1.764571068260948e+09,"_runtime":352,"None/train_individual_losses/#18":3.4540767956059426e-05,"None/train_individual_losses/#4":8.807831363810692e-06,"None/train_individual_losses/#9":3.7094384879310383e-06,"None/train_individual_losses/#19":2.4024760932661593e-05,"None/examples":10000,"None/train_individual_losses/#2":2.0555006585709634e-07,"None/train_individual_losses/#15":1.9358640201971866e-06,"None/train_individual_losses/#1":2.2598023861064576e-06,"None/train_individual_losses/#17":1.4020827620697673e-05,"None/train_individual_losses/#13":1.944960058608558e-05,"None/train_individual_losses/#8":1.0613298400130589e-05,"_wandb":{"runtime":352},"None/train_individual_losses/#3":2.6546483695710776e-06,"None/train_individual_losses/#16":3.0371056709554978e-06,"None/train_individual_losses/#5":5.493713615578599e-06,"None/train_individual_losses/#14":1.6224286810029298e-05,"None/train_individual_losses/#7":2.185031235057977e-06,"None/iteration_step":100000,"None/train_individual_losses/#6":1.1518784958752804e-05}