{"_timestamp":1.7634758518022187e+09,"None/train_loss":1.3295386452227832e-08,"_runtime":1087,"training/train_individual_losses/#2":8.481779332214501e-07,"None/train_individual_losses/#7":8.679640117748022e-09,"local_hashname":"333b6be3fa","None/train_individual_losses/#4":1.617419975730172e-08,"training/train_individual_losses/#7":9.918280738929752e-07,"None/examples":8000,"training/train_individual_losses/#4":1.5732354308184426e-09,"None/train_individual_losses/#2":2.828190570625111e-09,"_wandb":{"runtime":1087},"None/train_individual_losses/#9":1.1463257898469692e-08,"None/train_individual_losses/#0":1.4533418024598177e-08,"None/train_individual_losses/#8":1.9715347576720887e-08,"None/train_individual_losses/#1":8.616929392246675e-09,"training/train_individual_losses/#3":5.671406011487079e-09,"training/examples":8000,"training/iteration_step":160000,"training/train_individual_losses/#6":5.3278204070750235e-09,"training/train_loss":6.687649991363287e-07,"None/train_individual_losses/#6":1.5902648087262605e-08,"None/train_individual_losses/#3":1.0901484159830943e-08,"training/train_individual_losses/#9":1.2094279355778781e-08,"None/train_individual_losses/#5":2.4138754994851297e-08,"training/train_individual_losses/#0":1.5253906440193532e-06,"training/train_individual_losses/#5":4.7973829353509245e-09,"training/train_individual_losses/#1":1.5428969390995917e-07,"training/train_individual_losses/#8":3.1384995509142755e-06,"_step":153,"None/iteration_step":80000}