{"None/train_individual_losses/#18":0.033046092838048935,"_step":1,"None/train_individual_losses/#12":0.005856627132743597,"None/train_individual_losses/#0":0.04317690432071686,"None/examples":10000,"None/train_loss":0.01358118896484375,"None/train_individual_losses/#11":0.007056426256895065,"None/train_individual_losses/#7":0.005870307795703411,"None/iteration_step":2000,"None/train_individual_losses/#6":0.007423373404890299,"None/train_individual_losses/#14":0.008365667425096035,"local_hashname":"3c2502264b","None/train_individual_losses/#17":0.005153164733201265,"None/train_individual_losses/#13":0.01180553250014782,"_runtime":14,"None/train_individual_losses/#9":0.004772510379552841,"None/train_individual_losses/#4":0.01786360703408718,"None/train_individual_losses/#16":0.019027654081583023,"None/train_individual_losses/#2":0.006330134812742472,"None/train_individual_losses/#5":0.012547452934086323,"None/train_individual_losses/#1":0.024866042658686638,"_wandb":{"runtime":14},"None/train_individual_losses/#8":0.005821922328323126,"None/train_individual_losses/#3":0.02908734790980816,"None/train_individual_losses/#15":0.010458887554705143,"None/train_individual_losses/#10":0.007508283015340567,"_timestamp":1.764571970298394e+09,"None/train_individual_losses/#19":0.005585839040577412}