{"None/train_individual_losses/#6":0.7274544835090637,"None/train_loss":0.8418325,"None/train_individual_losses/#13":1.116760015487671,"_wandb":{"runtime":11},"None/train_individual_losses/#0":0.44011250138282776,"None/train_individual_losses/#12":0.9351763725280762,"None/train_individual_losses/#1":1.5642502307891846,"None/train_individual_losses/#8":1.2072083950042725,"None/train_individual_losses/#5":1.1281391382217407,"None/train_individual_losses/#11":1.0473170280456543,"None/train_individual_losses/#9":0.7547488212585449,"None/train_individual_losses/#7":1.189965009689331,"None/train_individual_losses/#15":0.8513290286064148,"None/iteration_step":0,"None/train_individual_losses/#16":0.7491623163223267,"_step":0,"local_hashname":"3c2502264b","None/train_individual_losses/#2":0.3320554196834564,"_timestamp":1.7645719980215507e+09,"None/train_individual_losses/#17":0.5297155976295471,"None/train_individual_losses/#10":1.914650797843933,"None/train_individual_losses/#14":0.5191170573234558,"None/train_individual_losses/#3":0.5193301439285278,"_runtime":11,"None/train_individual_losses/#18":0.542102038860321,"None/train_individual_losses/#19":0.44992348551750183,"None/examples":10000,"None/train_individual_losses/#4":0.3181338608264923}