{"training/train_individual_losses/#19":1.6616431564031586e-09,"training/train_individual_losses/#4":2.3958144357294486e-09,"training/train_individual_losses/#0":5.056635643541085e-08,"training/train_individual_losses/#1":1.1151659862207453e-07,"training/examples":10000,"training/train_individual_losses/#7":4.3873821908846367e-08,"training/iteration_step":30000,"training/train_individual_losses/#2":5.9058273826906316e-09,"_runtime":154,"training/train_individual_losses/#13":2.0950205126268884e-08,"training/train_individual_losses/#18":7.38318277626604e-08,"training/train_individual_losses/#14":9.498940523045007e-10,"training/train_individual_losses/#6":1.2724566431643325e-06,"_step":16,"training/train_individual_losses/#17":9.646058257706258e-12,"training/train_individual_losses/#12":3.823632729882398e-11,"training/train_individual_losses/#3":1.4774290093555464e-06,"training/train_individual_losses/#8":1.8446925764692423e-08,"training/train_loss":1.589464768767357e-07,"training/train_individual_losses/#15":3.3323435122412093e-09,"training/train_individual_losses/#9":9.260212388562117e-12,"_timestamp":1.7633847929515517e+09,"local_hashname":"161da30716","training/train_individual_losses/#16":3.638617585011161e-08,"_wandb":{"runtime":154},"training/train_individual_losses/#10":4.0041427951109654e-08,"training/train_individual_losses/#11":1.909264213395545e-08,"training/train_individual_losses/#5":3.5361078648543653e-11}