{"training/train_individual_losses/#5":1.1454367232488494e-08,"_step":153,"None/train_individual_losses/#4":2.0604161932169518e-08,"_runtime":1112,"training/train_loss":8.843723684549331e-07,"training/train_individual_losses/#1":7.709430605018497e-08,"training/train_individual_losses/#2":1.506721559962898e-06,"None/train_individual_losses/#6":2.5627086230883833e-08,"None/train_individual_losses/#0":2.6023915467021652e-08,"None/train_individual_losses/#7":1.5049058887939282e-08,"training/train_individual_losses/#3":3.595316456994624e-06,"training/iteration_step":160000,"None/train_individual_losses/#5":2.3140794169762557e-08,"training/train_individual_losses/#6":2.638059104498325e-09,"training/examples":8000,"_wandb":{"runtime":1112},"None/train_individual_losses/#9":1.9986414301342847e-08,"None/train_individual_losses/#8":2.9609667606678158e-08,"training/train_individual_losses/#8":6.993688117518104e-08,"None/train_individual_losses/#3":2.725328762664958e-08,"training/train_individual_losses/#4":5.6351163735257614e-09,"None/train_individual_losses/#2":2.224482997803534e-08,"training/train_individual_losses/#7":2.585096297025302e-07,"training/train_individual_losses/#0":2.8872527764178813e-06,"None/examples":8000,"None/train_loss":2.3293125559575855e-08,"local_hashname":"b372e5aa08","training/train_individual_losses/#9":4.291642312637123e-07,"_timestamp":1.76347867002703e+09,"None/train_individual_losses/#1":2.3392050962911526e-08,"None/iteration_step":80000}