{"_runtime":686,"training/train_individual_losses/#0":1.4227606592864817e-10,"_timestamp":1.7633884920848994e+09,"training/iteration_step":160000,"training/train_individual_losses/#3":9.278872670215321e-10,"_wandb":{"runtime":686},"training/train_individual_losses/#4":7.77087336700788e-08,"training/train_individual_losses/#7":3.0491423275158525e-10,"training/train_individual_losses/#15":1.8056152839562856e-07,"training/train_individual_losses/#13":6.276103903246621e-08,"training/train_individual_losses/#1":1.1387278675556445e-08,"training/train_individual_losses/#2":8.94268659124009e-09,"training/examples":8000,"training/train_individual_losses/#9":1.19241838625328e-10,"training/train_individual_losses/#8":7.948087188403008e-10,"training/train_individual_losses/#18":1.913500113914779e-07,"training/train_individual_losses/#11":2.653369222116453e-07,"training/train_individual_losses/#6":7.669489175687882e-12,"_step":101,"training/train_individual_losses/#16":3.48225945856484e-08,"training/train_loss":8.830495062284172e-08,"training/train_individual_losses/#17":5.264708846652866e-08,"training/train_individual_losses/#14":1.9074335000368592e-07,"training/train_individual_losses/#5":1.2757149503439535e-10,"training/train_individual_losses/#19":5.501732971424644e-07,"local_hashname":"d2cbdbf017","training/train_individual_losses/#10":3.1786032139713427e-12,"training/train_individual_losses/#12":1.3723709457735822e-07}