{"_step":248,"training/train_individual_losses/#6":7.601126526424196e-06,"training/train_individual_losses/#12":2.500147274986375e-05,"training/train_individual_losses/#8":1.1174382962053642e-05,"training/train_individual_losses/#11":5.921364208916202e-05,"training/train_loss":0.0001403099314371745,"training/train_individual_losses/#19":4.539789733826183e-05,"training/iteration_step":2350000,"training/train_individual_losses/#5":3.153761645080522e-05,"training/train_individual_losses/#10":9.600684279575944e-06,"training/train_individual_losses/#17":6.921571912243962e-05,"local_hashname":"a04c4aed4b","training/train_individual_losses/#15":0.0009254394681192935,"_runtime":31561.285945676,"training/train_individual_losses/#3":7.175972132245079e-05,"training/train_individual_losses/#0":0.0003753444761969149,"training/train_individual_losses/#9":8.219360461225733e-05,"training/train_individual_losses/#13":6.024574759067036e-05,"training/train_individual_losses/#7":0.00021616934100165963,"_wandb":{"runtime":31561},"training/train_individual_losses/#18":0.00010894578736042604,"training/train_individual_losses/#1":0.000396651477785781,"training/examples":60000,"training/train_individual_losses/#16":1.0902683243330102e-05,"_timestamp":1.7606588819530737e+09,"training/train_individual_losses/#4":1.6940659406827763e-05,"training/train_individual_losses/#14":0.0002639580052345991,"training/train_individual_losses/#2":1.8904596799984574e-05,"time_elapsed":139.35850858688354}