{"training/train_individual_losses/#1":2.54818166567361e-09,"training/train_individual_losses/#10":2.6756383220138957e-10,"training/train_loss":3.519631028175354e-06,"training/train_individual_losses/#13":8.09647985988704e-07,"_runtime":54,"_step":6,"training/train_individual_losses/#8":1.7576938660113228e-07,"training/train_individual_losses/#9":1.8258232425960585e-10,"training/train_individual_losses/#14":4.495923349168152e-06,"training/train_individual_losses/#19":7.075916983012576e-06,"training/iteration_step":10000,"training/train_individual_losses/#17":3.377205985088949e-06,"training/train_individual_losses/#18":4.261538379068952e-06,"training/train_individual_losses/#15":4.781497864314588e-06,"training/train_individual_losses/#11":3.942683633795241e-06,"training/train_individual_losses/#4":8.721103768039029e-06,"training/train_individual_losses/#16":1.165690655113849e-08,"_wandb":{"runtime":54},"_timestamp":1.7633670995410402e+09,"training/train_individual_losses/#3":2.1757356080343015e-05,"training/train_individual_losses/#0":3.199897378181049e-07,"training/train_individual_losses/#5":5.3091398513060994e-06,"local_hashname":"21549e4e2d","training/train_individual_losses/#6":6.928054574473208e-09,"training/train_individual_losses/#12":9.707641634992825e-11,"training/train_individual_losses/#7":5.3402691264636815e-06,"training/examples":10000,"training/train_individual_losses/#2":2.89643331541356e-09}