{"reconstruction/examples":10000,"training/train_individual_losses/#18":0.00022714694205205888,"training/train_individual_losses/#16":1.4998144592937024e-07,"training/train_individual_losses/#13":7.426353802741925e-12,"training/train_individual_losses/#7":4.5193262465659245e-09,"training/train_individual_losses/#1":1.0404571781919003e-07,"training/train_individual_losses/#15":4.023902988592454e-09,"training/examples":10000,"training/train_individual_losses/#10":1.2743994748376508e-09,"training/train_individual_losses/#14":3.2089801038637233e-08,"training/iteration_step":200000,"_timestamp":1.764854488994467e+09,"training/train_individual_losses/#6":1.2437105512130842e-10,"training/train_loss":1.1497859954833985e-05,"_wandb":{"runtime":764},"reconstruction/train_individual_losses/#0":2.543763160181567e-12,"training/train_individual_losses/#8":3.506410873460597e-12,"clustering/student_alignment_W_table":{"ncols":1,"nrows":4,"_latest_artifact_path":"wandb-client-artifact://sc0fj4rurq4voentxsm5ggarn49g30p75df2ial3ehflcl5xi7uver1ucmvd5unnxp6g6ex9qoagsqqcsrm6mf6a9kb8x366hg5ukyy37ss1untnxw0gw257noiil02j:latest/clustering/student_alignment_W_table.table.json","log_mode":"IMMUTABLE","sha256":"24860822cb07ed211cdd2925ea93690c887bbb2c683a75e0271194aed545a5f2","artifact_path":"wandb-client-artifact://1p8wwcrprjad6htk0dp7q136i5pm8fc2b2w9iogttujdtvyfotkp5bjc8xqemcfkyyhx5sye6canql3dq5wn022lshmccanuuwc8hmoxhqrb8rx7y3rwnshxgxnyxmqq/clustering/student_alignment_W_table.table.json","size":133,"_type":"table-file","path":"media/table/clustering/student_alignment_W_table_106_24860822cb07ed211cdd.table.json"},"training/train_individual_losses/#0":1.1542610991455149e-06,"training/train_individual_losses/#9":2.5181390306272533e-10,"training/train_individual_losses/#12":4.8895446719265934e-11,"training/train_individual_losses/#2":2.5142276172118727e-07,"reconstruction/train_loss":2.543763244489128e-12,"_runtime":764,"clustering/student_alignment_A_table":{"artifact_path":"wandb-client-artifact://ivw0s9xej5lwpar5a46mj72x4yha6p6u2zjr7twpmpfv8jpyo3b8q10i4ma52vv5l6ze4yo8d6e5s240t40hiaoi1bskdglkcf0ukptyxu0h8jqwxhvosk9yp82fsjv0/clustering/student_alignment_A_table.table.json","log_mode":"IMMUTABLE","sha256":"57d6829451a9259bdbd144fbc69076bc337c16ccf2669bcc0bde39569ea3a095","ncols":1,"_type":"table-file","_latest_artifact_path":"wandb-client-artifact://rmnajtb81rscx9e4mdn14jet0ck5ef8d91gkze9ways7b6f61eae6cpamd1xpm3a78gjim3iu588t86ftqmptijblkvmy9amip6bddazdfdd9cenqbmklqwx4fz4fna1:latest/clustering/student_alignment_A_table.table.json","nrows":4,"size":90,"path":"media/table/clustering/student_alignment_A_table_107_57d6829451a9259bdbd1.table.json"},"training/train_individual_losses/#19":1.1020121064575505e-06,"reconstruction/iteration_step":100000,"training/train_individual_losses/#4":2.6221920468305626e-11,"clustering/student_size":7,"training/train_individual_losses/#3":7.2624493224759945e-12,"training/train_individual_losses/#17":3.5713154655780954e-10,"clustering/teacher_size":10,"training/train_individual_losses/#11":9.200086439203892e-13,"local_hashname":"6fa813745c","_step":108,"training/train_individual_losses/#5":5.786869650137305e-09}