{"training/train_individual_losses/#7":5.114277001894152e-08,"training/train_individual_losses/#6":4.2849158249369523e-11,"training/train_individual_losses/#9":4.6482765553301775e-11,"local_hashname":"886be3b0c8","training/train_individual_losses/#19":2.115087681886507e-06,"training/train_individual_losses/#13":9.764229247366529e-08,"training/train_individual_losses/#12":4.968402208760381e-05,"training/train_individual_losses/#11":9.63886526150759e-10,"training/train_individual_losses/#8":7.978872423874961e-11,"training/train_individual_losses/#5":0.0005461819237098098,"training/train_individual_losses/#14":0.00014122857828624547,"_timestamp":1.764311124386754e+09,"_wandb":{"runtime":293},"training/train_individual_losses/#3":2.146200162034262e-10,"training/train_individual_losses/#10":0.0003612334839999676,"training/examples":10000,"training/iteration_step":58000,"training/train_individual_losses/#18":5.953760364718619e-07,"training/train_individual_losses/#2":3.077312271670962e-07,"_runtime":293,"_step":29,"training/train_individual_losses/#1":0.0003587967366911471,"training/train_individual_losses/#4":0.000575222831685096,"training/train_individual_losses/#16":4.745503642822335e-11,"training/train_individual_losses/#17":1.5837595991607945e-12,"training/train_individual_losses/#0":0.0005766054382547736,"training/train_loss":0.00013061304092407225,"training/train_individual_losses/#15":1.396122257801835e-07}