{"training/train_individual_losses/#6":0.00042230956023558974,"training/iteration_step":2350000,"None/train_individual_losses/#8":2.762552499771118,"_timestamp":1.7606105026496167e+09,"_step":290,"training/train_individual_losses/#9":0.0006905529298819602,"None/train_individual_losses/#6":1.4474327564239502,"None/train_individual_losses/#7":3.450385332107544,"None/iteration_step":470000,"training/examples":60000,"training/train_individual_losses/#0":0.00019022845663130283,"None/train_individual_losses/#9":3.1184847354888916,"training/train_loss":0.0002664454396565755,"_wandb":{"runtime":22252},"training/train_individual_losses/#4":0.0006280234083533287,"training/train_individual_losses/#7":0.00027343863621354103,"training/train_individual_losses/#1":0.00014414085308089852,"None/train_individual_losses/#3":3.061748743057251,"None/examples":60000,"None/train_loss":2.76300625,"training/train_individual_losses/#5":9.308368316851556e-05,"None/train_individual_losses/#0":3.115419626235962,"None/train_individual_losses/#1":2.338062047958374,"None/train_individual_losses/#2":1.6567997932434082,"training/train_individual_losses/#3":1.752046591718681e-05,"None/train_individual_losses/#5":3.841456413269043,"training/train_individual_losses/#8":0.00016322066949214786,"time_elapsed":86.31884908676147,"_runtime":22252,"local_hashname":"fc608b8f2e","training/train_individual_losses/#2":4.1935381887014955e-05,"None/train_individual_losses/#4":2.8377187252044678}