{"None/train_individual_losses/#0":1.1092774868011475,"_runtime":9,"None/train_individual_losses/#3":1.0289411544799805,"None/examples":10000,"_timestamp":1.764572205785016e+09,"None/train_individual_losses/#19":0.4163050353527069,"None/train_individual_losses/#13":1.240973949432373,"None/train_individual_losses/#6":0.4826955497264862,"None/train_individual_losses/#4":0.8271369338035583,"None/train_individual_losses/#10":0.3864436745643616,"None/train_individual_losses/#16":1.4410868883132935,"None/train_individual_losses/#11":1.0838137865066528,"None/train_individual_losses/#1":0.7795271277427673,"_wandb":{"runtime":9},"None/train_individual_losses/#9":0.8934472799301147,"None/iteration_step":0,"None/train_individual_losses/#7":1.5414841175079346,"_step":0,"None/train_individual_losses/#15":1.360300064086914,"None/train_individual_losses/#8":1.4814730882644653,"local_hashname":"3c2502264b","None/train_individual_losses/#5":0.7028549909591675,"None/train_individual_losses/#18":0.7864853143692017,"None/train_individual_losses/#17":1.1165781021118164,"None/train_individual_losses/#2":0.2989221513271332,"None/train_loss":0.9172834375,"None/train_individual_losses/#12":0.4255640208721161,"None/train_individual_losses/#14":0.9423583745956421}