{"None/train_individual_losses/#4":0.6277836561203003,"None/train_individual_losses/#8":0.26439642906188965,"_runtime":10,"None/train_individual_losses/#15":0.3872345983982086,"None/train_individual_losses/#19":0.26066336035728455,"None/iteration_step":0,"None/train_individual_losses/#16":0.8044238686561584,"_timestamp":1.7645718728912125e+09,"None/train_individual_losses/#7":0.5296420454978943,"None/train_individual_losses/#5":0.6843413710594177,"None/train_individual_losses/#10":0.5498121976852417,"None/train_individual_losses/#17":0.5387239456176758,"None/train_individual_losses/#12":0.8724097609519958,"None/train_individual_losses/#2":0.30613479018211365,"None/train_individual_losses/#18":0.4537763297557831,"None/train_individual_losses/#14":0.2492607682943344,"_wandb":{"runtime":10},"None/train_individual_losses/#3":0.2627122700214386,"None/train_individual_losses/#6":0.30910247564315796,"local_hashname":"3c2502264b","None/examples":10000,"None/train_individual_losses/#0":1.3770062923431396,"None/train_individual_losses/#9":0.5802951455116272,"None/train_individual_losses/#13":0.24382175505161285,"None/train_loss":0.519274140625,"_step":0,"None/train_individual_losses/#11":0.24432963132858276,"None/train_individual_losses/#1":0.8396117091178894}