{"training/train_individual_losses/#16":40.70512008666992,"_runtime":243.402047976,"training/train_individual_losses/#2":40.60151290893555,"_wandb":{"runtime":243},"local_hashname":"dd82d3d7b7","training/train_individual_losses/#10":40.38921356201172,"training/train_individual_losses/#8":41.1527099609375,"training/train_individual_losses/#14":41.013771057128906,"training/train_individual_losses/#3":40.731788635253906,"time_elapsed":64.12534046173096,"training/train_individual_losses/#6":40.81882858276367,"training/train_individual_losses/#0":40.03464889526367,"training/train_individual_losses/#9":40.61286926269531,"training/train_individual_losses/#7":40.71843719482422,"training/train_individual_losses/#17":41.10797119140625,"training/train_individual_losses/#11":39.99061584472656,"training/train_individual_losses/#5":40.13485336303711,"training/train_individual_losses/#4":41.05050277709961,"training/train_individual_losses/#19":40.39053726196289,"training/train_loss":40.62718,"training/train_individual_losses/#18":40.34495544433594,"training/iteration_step":0,"training/examples":60000,"training/train_individual_losses/#12":40.37438201904297,"_timestamp":1.7629387994167836e+09,"training/train_individual_losses/#15":40.67646408081055,"_step":4,"training/train_individual_losses/#13":41.04604721069336,"training/train_individual_losses/#1":40.648040771484375}