{"training/iteration_step":10000,"training/train_individual_losses/#4":5.678442605017153e-08,"local_hashname":"c0bf53491b","training/train_individual_losses/#3":1.1780889508372638e-05,"training/train_individual_losses/#13":2.5293634280387778e-06,"training/train_individual_losses/#0":2.0843922143853888e-08,"training/train_individual_losses/#5":1.2476713891373947e-05,"_step":6,"training/train_individual_losses/#9":8.292768138851159e-10,"_runtime":51,"training/examples":10000,"training/train_individual_losses/#18":1.013784458336886e-05,"training/train_individual_losses/#17":9.35378011490684e-07,"training/train_individual_losses/#16":9.939325536834076e-06,"training/train_individual_losses/#6":5.968250338383996e-09,"training/train_individual_losses/#19":6.511082801807788e-07,"training/train_loss":6.83847963809967e-06,"_timestamp":1.76336475323745e+09,"training/train_individual_losses/#10":1.0857151210075244e-05,"training/train_individual_losses/#8":1.0604825547488872e-05,"training/train_individual_losses/#2":1.1616722304097493e-06,"training/train_individual_losses/#12":2.630164601669094e-07,"training/train_individual_losses/#7":3.0277792006927484e-07,"training/train_individual_losses/#11":2.950013913505245e-05,"training/train_individual_losses/#14":1.337556659564143e-05,"_wandb":{"runtime":51},"training/train_individual_losses/#1":6.401462115945833e-08,"training/train_individual_losses/#15":2.2105383322923444e-05}