{"None/train_individual_losses/#14":4.572373390197754,"None/train_individual_losses/#16":4.357720851898193,"None/train_individual_losses/#17":4.133784770965576,"None/train_individual_losses/#6":2.966026544570923,"None/train_individual_losses/#9":2.8914880752563477,"None/train_individual_losses/#5":3.6752395629882812,"None/train_individual_losses/#18":3.3158748149871826,"None/train_individual_losses/#19":3.4219284057617188,"_runtime":1033,"None/train_individual_losses/#12":4.335925579071045,"None/examples":60000,"None/train_individual_losses/#11":3.4808969497680664,"None/train_individual_losses/#10":3.2543368339538574,"_timestamp":1.7606701128350835e+09,"None/train_individual_losses/#13":4.204732418060303,"None/train_individual_losses/#4":5.138039588928223,"None/train_loss":3.7190808333333334,"local_hashname":"a04c4aed4b","None/train_individual_losses/#0":3.868504524230957,"None/train_individual_losses/#7":3.564502239227295,"_wandb":{"runtime":1033},"None/train_individual_losses/#15":3.4300479888916016,"None/train_individual_losses/#1":3.9933862686157227,"None/train_individual_losses/#3":3.0665271282196045,"None/train_individual_losses/#2":3.2676429748535156,"_step":11,"None/iteration_step":103400,"None/train_individual_losses/#8":3.4426286220550537}