{"None/train_individual_losses/#6":2.2872980025567813e-06,"None/train_individual_losses/#1":1.7080394172808155e-05,"None/train_individual_losses/#2":7.419592748192372e-06,"local_hashname":"6c987cb398","None/train_individual_losses/#0":8.655450074002147e-05,"_wandb":{"runtime":435},"None/iteration_step":100000,"None/train_individual_losses/#9":4.716732291853987e-05,"None/train_individual_losses/#8":3.5784892133960966e-06,"_runtime":435,"None/train_individual_losses/#3":1.371567395835882e-05,"None/train_individual_losses/#4":9.716968634165823e-05,"None/train_individual_losses/#7":3.595622183638625e-05,"None/train_individual_losses/#5":1.5863610087762936e-06,"None/examples":10000,"_step":51,"_timestamp":1.7645581955202637e+09,"None/train_loss":3.125155210494995e-05}