{"None/train_individual_losses/#11":0.8184432983398438,"local_hashname":"3c2502264b","None/train_individual_losses/#8":0.22012068331241608,"None/train_individual_losses/#19":0.4795131981372833,"None/train_individual_losses/#17":0.3471991717815399,"None/train_individual_losses/#2":0.9463522434234619,"None/train_individual_losses/#16":0.4950328469276428,"None/train_individual_losses/#9":2.1918318271636963,"None/train_individual_losses/#14":2.178853988647461,"None/train_individual_losses/#6":0.5643439292907715,"None/train_individual_losses/#12":0.8946091532707214,"None/train_individual_losses/#13":1.145491361618042,"None/train_individual_losses/#0":0.34844404458999634,"_step":0,"None/iteration_step":0,"None/train_individual_losses/#10":0.26523298025131226,"None/examples":10000,"None/train_individual_losses/#5":1.029687762260437,"None/train_individual_losses/#3":0.509937584400177,"None/train_individual_losses/#4":0.5207667946815491,"None/train_individual_losses/#7":0.48723262548446655,"_runtime":7,"None/train_individual_losses/#18":0.6201329827308655,"None/train_individual_losses/#15":0.3576081395149231,"None/train_individual_losses/#1":1.640621542930603,"None/train_loss":0.8030728125,"_timestamp":1.7645720198668666e+09,"_wandb":{"runtime":7}}