{"training/iteration_step":18760,"_step":41,"training/test_loss":1.0872828125,"_wandb":{"runtime":574},"training/train_accuracy":0.6200833333333333,"training/test_accuracy":0.6195,"_runtime":574,"training/train_loss":1.0894125,"_timestamp":1.7613121104053485e+09,"local_hashname":"5d4482de60","training/examples":10000}