{"None/train_individual_losses/#15":5.651542664963927e-07,"None/train_individual_losses/#12":2.207000989074004e-06,"None/train_individual_losses/#11":4.508782694756519e-06,"_wandb":{"runtime":349},"None/train_individual_losses/#1":9.855991720542079e-07,"None/train_individual_losses/#0":3.8308207876980305e-05,"None/train_individual_losses/#9":8.849358891893644e-06,"None/train_individual_losses/#6":2.910328475991264e-06,"None/train_individual_losses/#10":1.8230365412819083e-06,"None/train_individual_losses/#2":3.177997541570221e-06,"None/train_individual_losses/#18":4.938503934681648e-06,"None/train_individual_losses/#4":1.9226046788389795e-05,"None/train_individual_losses/#5":1.985148264793679e-05,"None/examples":10000,"None/train_individual_losses/#8":1.1491780242067762e-05,"None/train_loss":8.694446086883544e-06,"None/train_individual_losses/#19":1.3442371482597082e-06,"None/train_individual_losses/#3":7.353551609412534e-06,"None/train_individual_losses/#16":2.2692505808663554e-05,"None/train_individual_losses/#17":9.655934718466597e-07,"None/train_individual_losses/#13":2.0236068394297035e-06,"_step":51,"local_hashname":"3c2502264b","None/train_individual_losses/#7":2.1738242139690556e-06,"None/train_individual_losses/#14":1.849234104156494e-05,"_timestamp":1.764571575808537e+09,"None/iteration_step":100000,"_runtime":349}