{"training/train_individual_losses/#5":3.117292188270504e-11,"training/examples":10000,"_step":51,"training/train_individual_losses/#15":2.3102212765024888e-07,"_runtime":406,"training/train_individual_losses/#8":4.8661476625966316e-08,"training/train_individual_losses/#7":0.00010828694939846173,"training/train_individual_losses/#3":6.783330785964381e-09,"training/train_individual_losses/#2":9.925202903104946e-05,"training/train_individual_losses/#17":2.5899945382823475e-11,"local_hashname":"886be3b0c8","training/train_individual_losses/#13":3.3405847261747112e-06,"training/train_individual_losses/#11":1.810246544664551e-06,"training/iteration_step":102000,"training/train_individual_losses/#10":1.5250016360823793e-08,"training/train_individual_losses/#16":4.094212968652755e-09,"training/train_loss":4.0932049751281735e-05,"training/train_individual_losses/#1":3.1690391977257093e-10,"training/train_individual_losses/#0":2.577899522293592e-06,"training/train_individual_losses/#12":3.1344871143090813e-11,"_wandb":{"runtime":406},"training/train_individual_losses/#18":0.0001100677254726179,"training/train_individual_losses/#6":1.0982340037379856e-11,"_timestamp":1.7643133714161208e+09,"training/train_individual_losses/#19":3.886330840474628e-11,"training/train_individual_losses/#4":0.00015528341464232653,"training/train_individual_losses/#14":0.00018274865578860044,"training/train_individual_losses/#9":0.00015496720152441412}