{"None/train_individual_losses/#11":0.5370903611183167,"None/train_individual_losses/#13":0.43622899055480957,"None/train_individual_losses/#1":0.42082881927490234,"None/train_individual_losses/#10":0.7098629474639893,"None/train_individual_losses/#17":0.9336944222450256,"None/train_individual_losses/#5":0.7497822642326355,"None/train_individual_losses/#9":1.5082334280014038,"local_hashname":"3c2502264b","_timestamp":1.7645717966189153e+09,"None/train_individual_losses/#18":0.751027524471283,"None/examples":10000,"None/train_individual_losses/#0":1.8527121543884277,"None/train_individual_losses/#14":0.43889087438583374,"None/train_individual_losses/#15":1.1502245664596558,"_wandb":{"runtime":11},"None/train_loss":0.8395575,"_step":0,"None/train_individual_losses/#19":0.41863003373146057,"_runtime":11,"None/train_individual_losses/#4":0.2794051170349121,"None/train_individual_losses/#8":1.318625807762146,"None/iteration_step":0,"None/train_individual_losses/#7":0.7221232056617737,"None/train_individual_losses/#2":0.8451082110404968,"None/train_individual_losses/#12":1.2098705768585205,"None/train_individual_losses/#6":0.5172885060310364,"None/train_individual_losses/#3":1.1238843202590942,"None/train_individual_losses/#16":0.8676376938819885}