{"training/train_individual_losses/#0":0.0004331888922024518,"None/train_individual_losses/#15":4.212097644805908,"training/train_individual_losses/#8":0.0006566020892933011,"training/train_individual_losses/#4":0.0004798727168235928,"None/train_loss":2.363114583333333,"training/train_individual_losses/#2":6.821873103035614e-05,"None/train_individual_losses/#12":2.380563735961914,"None/train_individual_losses/#4":2.489058017730713,"training/train_individual_losses/#11":0.00012936598795931786,"training/train_individual_losses/#12":0.0003454918332863599,"None/train_individual_losses/#10":0.2168905884027481,"local_hashname":"6f7b3e8113","training/train_individual_losses/#18":0.00015626738604623824,"training/train_individual_losses/#6":8.083177090156823e-05,"None/train_individual_losses/#5":3.5042359828948975,"None/train_individual_losses/#8":1.363654613494873,"training/train_individual_losses/#14":7.641489355592057e-05,"None/iteration_step":470000,"training/train_individual_losses/#17":0.00017206116172019392,"None/train_individual_losses/#17":2.4538400173187256,"training/train_individual_losses/#16":7.863695645937696e-05,"None/train_individual_losses/#7":1.275208830833435,"None/examples":60000,"None/train_individual_losses/#19":1.0038784742355347,"_runtime":34071,"training/train_individual_losses/#7":8.589854587626178e-06,"training/train_individual_losses/#3":0.0002957159886136651,"time_elapsed":121.19541454315186,"training/train_loss":0.0003054265848795573,"None/train_individual_losses/#3":3.194680690765381,"None/train_individual_losses/#9":2.4431138038635254,"_timestamp":1.761163375553322e+09,"None/train_individual_losses/#13":2.9438984394073486,"training/train_individual_losses/#13":0.0014968381728976965,"None/train_individual_losses/#6":2.944014310836792,"training/train_individual_losses/#5":1.9015853467863053e-05,"None/train_individual_losses/#0":1.4619845151901245,"training/train_individual_losses/#9":0.00018245934916194528,"training/train_individual_losses/#10":0.0003901716263499111,"None/train_individual_losses/#1":0.5828022360801697,"training/iteration_step":2350000,"training/examples":60000,"None/train_individual_losses/#14":2.7660939693450928,"None/train_individual_losses/#16":4.493439197540283,"_wandb":{"runtime":34071},"training/train_individual_losses/#1":0.0004128524160478264,"training/train_individual_losses/#19":2.7029755074181594e-05,"None/train_individual_losses/#2":2.651262044906616,"None/train_individual_losses/#18":3.676802635192871,"_step":303,"None/train_individual_losses/#11":1.2047816514968872,"training/train_individual_losses/#15":0.0005989072378724813}