{"training/train_individual_losses/#17":40.67997741699219,"training/iteration_step":0,"training/train_individual_losses/#18":40.61089324951172,"training/train_individual_losses/#0":40.77688980102539,"training/train_individual_losses/#7":40.67137908935547,"training/train_individual_losses/#3":40.8037109375,"training/train_individual_losses/#11":40.79954147338867,"training/train_individual_losses/#16":40.646095275878906,"local_hashname":"29bda1e5ab","_step":1,"training/train_individual_losses/#13":40.63827896118164,"training/train_individual_losses/#5":40.68288803100586,"training/train_individual_losses/#6":40.690975189208984,"training/train_individual_losses/#10":40.74040603637695,"training/train_individual_losses/#9":40.70428466796875,"training/examples":60000,"_runtime":18.263917399,"_timestamp":1.7629384569219437e+09,"training/train_individual_losses/#4":40.685184478759766,"time_elapsed":0,"training/train_individual_losses/#2":40.674861907958984,"training/train_individual_losses/#14":40.73122024536133,"training/train_loss":40.70742333333333,"training/train_individual_losses/#19":40.69596481323242,"_wandb":{"runtime":18},"training/train_individual_losses/#8":40.93547058105469,"training/train_individual_losses/#12":40.714271545410156,"training/train_individual_losses/#15":40.663818359375,"training/train_individual_losses/#1":40.60232925415039}