{"training/train_individual_losses/#6":111.4869155883789,"training/train_individual_losses/#3":110.7129898071289,"training/train_individual_losses/#1":111.62301635742188,"training/iteration_step":0,"_step":14,"time_elapsed":89.89170479774475,"training/train_individual_losses/#5":110.9294204711914,"training/examples":60000,"training/train_individual_losses/#8":111.61273193359375,"_runtime":1345.513739821,"training/train_loss":111.18445333333334,"training/train_individual_losses/#0":111.97528839111328,"_wandb":{"runtime":1345},"local_hashname":"fc608b8f2e","training/train_individual_losses/#7":110.75709533691406,"training/train_individual_losses/#9":111.13463592529297,"training/train_individual_losses/#2":111.09613037109375,"training/train_individual_losses/#4":110.51628112792969,"_timestamp":1.7605871637298727e+09}