{"training/train_individual_losses/#7":5.102314389660023e-05,"None/train_individual_losses/#23":7.831204129615799e-06,"training/train_individual_losses/#17":0.00014595840184483677,"None/train_individual_losses/#9":1.2134000826335978e-06,"None/train_individual_losses/#2":1.766764216881711e-05,"None/train_individual_losses/#11":8.878621883923188e-06,"None/train_individual_losses/#20":8.31098441267386e-06,"None/train_individual_losses/#0":3.015290985786123e-06,"None/train_individual_losses/#15":1.9098738448519725e-06,"training/iteration_step":200000,"training/train_loss":2.786977450052897e-05,"training/train_individual_losses/#1":1.1567576621018816e-06,"training/train_individual_losses/#19":2.740980744420085e-05,"None/train_individual_losses/#19":3.7750114643131383e-06,"None/train_individual_losses/#22":9.553375093673822e-06,"training/train_individual_losses/#3":5.734259048040258e-06,"_runtime":1023,"None/train_individual_losses/#14":9.90701391856419e-06,"None/train_individual_losses/#13":1.1713957064785063e-05,"training/train_individual_losses/#26":1.9112840163870715e-06,"local_hashname":"d41c0820d8","training/train_individual_losses/#5":2.1010810087318532e-06,"_step":153,"None/train_individual_losses/#6":1.2948859875905327e-05,"training/train_individual_losses/#14":4.792552772414638e-06,"None/train_individual_losses/#25":8.816121408017352e-06,"training/train_individual_losses/#25":1.9211558537790552e-05,"_timestamp":1.7645733034805e+09,"None/train_individual_losses/#26":1.0204176760453265e-05,"training/train_individual_losses/#11":5.24706820215215e-06,"None/train_individual_losses/#28":2.1115097297297325e-06,"None/train_individual_losses/#10":1.2322924703767058e-05,"training/train_individual_losses/#13":6.759490815966274e-07,"training/train_individual_losses/#9":1.6676722225383855e-05,"training/train_individual_losses/#15":0.0001304432371398434,"training/train_individual_losses/#6":2.782921728794463e-05,"None/train_individual_losses/#27":4.872069439443294e-06,"None/train_individual_losses/#12":1.3733579180552624e-06,"training/train_individual_losses/#16":6.0408012359403074e-05,"training/train_individual_losses/#10":4.9232944547839e-06,"training/train_individual_losses/#8":1.407196032232605e-05,"None/train_individual_losses/#18":5.575985142058926e-06,"None/train_individual_losses/#5":1.6346915799658746e-05,"training/examples":10000,"training/train_individual_losses/#12":1.11706935967959e-06,"None/train_individual_losses/#16":1.2783482816303149e-05,"training/train_individual_losses/#21":5.468914878292708e-06,"None/train_individual_losses/#1":4.266725682100514e-06,"None/train_individual_losses/#3":4.365316272014752e-06,"training/train_individual_losses/#22":0.00012702407548204064,"None/train_individual_losses/#4":2.8343508802208817e-06,"None/train_individual_losses/#21":1.67812413565116e-05,"training/train_individual_losses/#28":6.827891411376186e-06,"training/train_individual_losses/#24":8.85623103386024e-06,"None/train_individual_losses/#17":1.1983710464846808e-05,"None/train_loss":9.522810777028402e-06,"training/train_individual_losses/#2":1.418537794961594e-05,"None/train_individual_losses/#7":4.520179936662316e-05,"training/train_individual_losses/#27":2.4445576855214313e-05,"training/train_individual_losses/#18":2.413509355392307e-05,"None/train_individual_losses/#8":8.493484529026318e-06,"None/examples":10000,"_wandb":{"runtime":1023},"training/train_individual_losses/#4":2.8544365704874508e-05,"training/train_individual_losses/#29":2.9783620902890107e-07,"None/iteration_step":100000,"None/train_individual_losses/#29":1.4371787074196618e-05,"None/train_individual_losses/#24":6.2541062106902245e-06,"training/train_individual_losses/#20":3.291367829660885e-05,"training/train_individual_losses/#0":1.6222023987211287e-05,"training/train_individual_losses/#23":2.6480651285964996e-05}