{"training/train_individual_losses/#2":3.027093271157355e-06,"None/train_individual_losses/#17":0.00013368997315410525,"None/train_individual_losses/#9":4.149291635258123e-05,"_timestamp":1.7634728549566593e+09,"None/train_individual_losses/#2":0.00016499037155881524,"training/train_individual_losses/#0":2.7203741410630755e-06,"training/train_individual_losses/#7":1.1339082448103e-05,"None/train_individual_losses/#11":0.00017092988127842546,"training/train_loss":3.6098562180995943e-06,"training/train_individual_losses/#12":5.437689196696738e-06,"None/train_individual_losses/#4":0.00014971772907301784,"training/train_individual_losses/#14":7.899218985585321e-07,"None/examples":8000,"training/train_individual_losses/#11":1.1765599765567458e-06,"None/train_individual_losses/#16":0.00017069333989638835,"training/iteration_step":160000,"training/train_individual_losses/#9":1.2411476291163126e-06,"None/train_individual_losses/#13":0.0001393095008097589,"None/train_individual_losses/#7":1.3614444469567388e-05,"training/train_individual_losses/#3":2.1146681774553144e-06,"None/train_individual_losses/#8":2.516194581403397e-05,"local_hashname":"1eaca83e3b","None/train_individual_losses/#6":0.0001589083403814584,"training/train_individual_losses/#4":2.6880259156314423e-06,"None/train_individual_losses/#3":1.9014365534530953e-05,"training/train_individual_losses/#16":2.1175208075874252e-06,"training/train_individual_losses/#10":2.4486782876920188e-06,"training/train_individual_losses/#19":1.6896868828553124e-06,"training/train_individual_losses/#5":1.526356572867371e-05,"None/train_individual_losses/#18":0.00017313998250756413,"None/train_individual_losses/#0":0.00010562677925918251,"training/train_individual_losses/#8":3.641137254817295e-06,"_step":153,"training/train_individual_losses/#13":6.772237611585297e-06,"None/iteration_step":80000,"None/train_individual_losses/#14":0.00013497711915988475,"training/train_individual_losses/#18":3.226174385417835e-06,"None/train_individual_losses/#10":0.0001795266434783116,"training/train_individual_losses/#6":1.3688126045963145e-06,"_wandb":{"runtime":978},"None/train_individual_losses/#15":0.00024376242072321475,"None/train_individual_losses/#19":0.00013469533587340266,"training/examples":8000,"_runtime":978,"training/train_individual_losses/#1":2.1346374978747917e-06,"None/train_loss":0.00012455097436904906,"training/train_individual_losses/#15":1.0033780881713028e-06,"None/train_individual_losses/#5":0.00017168516933452338,"None/train_individual_losses/#12":0.000147258848301135,"None/train_individual_losses/#1":1.2824418263335247e-05,"training/train_individual_losses/#17":1.996730588871287e-06}