{"None/train_individual_losses/#10":1.4989042282104492,"None/train_individual_losses/#14":0.526830792427063,"None/train_individual_losses/#12":0.32390323281288147,"None/train_individual_losses/#3":0.8390821218490601,"None/train_individual_losses/#1":0.606113076210022,"None/train_individual_losses/#11":0.5910699367523193,"None/train_individual_losses/#17":0.7576889395713806,"None/train_individual_losses/#0":0.3328784108161926,"None/train_individual_losses/#19":0.30125322937965393,"None/train_individual_losses/#6":0.26993995904922485,"None/iteration_step":0,"None/train_individual_losses/#5":0.7257251739501953,"None/train_individual_losses/#7":0.7024210095405579,"None/train_loss":0.597207265625,"None/train_individual_losses/#9":0.390125572681427,"None/train_individual_losses/#2":0.40148812532424927,"_timestamp":1.7645718260162644e+09,"_step":0,"None/train_individual_losses/#13":0.2845252454280853,"None/examples":10000,"_runtime":9,"None/train_individual_losses/#16":1.5583056211471558,"local_hashname":"3c2502264b","None/train_individual_losses/#4":0.6073417067527771,"_wandb":{"runtime":9},"None/train_individual_losses/#8":0.24712055921554565,"None/train_individual_losses/#15":0.5685870051383972,"None/train_individual_losses/#18":0.41084033250808716}