{"training/iteration_step":200000,"training/train_individual_losses/#16":2.1950863526853936e-07,"reconstruction/iteration_step":100000,"training/train_individual_losses/#19":5.908879496807629e-10,"training/train_individual_losses/#6":1.2952160177714944e-10,"training/train_individual_losses/#18":6.590635259762223e-10,"clustering/student_alignment_A_table":{"artifact_path":"wandb-client-artifact://jo353ywtuk0gnfk99neqicoti245ijk9s70xh2rxmvb7exv3nmr3lt6feqpvgsumaogt5b8j1qpx9bokijm4mz59m1eovb3knc1z9dtu8zqxvdz1qpufs4aoemwxhb3j/clustering/student_alignment_A_table.table.json","size":90,"_latest_artifact_path":"wandb-client-artifact://9e5zttcjp1vx7u0ocvffh14jntc87nx5buic22b1iiuge6x0ymj27tc5ozr7pynm0ar8363c0vn8iklu18428sju3hpf0dtgj9oa05v9717hpzfzh6d6zf4x9xto2j31:latest/clustering/student_alignment_A_table.table.json","_type":"table-file","nrows":4,"path":"media/table/clustering/student_alignment_A_table_107_57d6829451a9259bdbd1.table.json","sha256":"57d6829451a9259bdbd144fbc69076bc337c16ccf2669bcc0bde39569ea3a095","log_mode":"IMMUTABLE","ncols":1},"training/train_individual_losses/#1":5.345772782772151e-11,"training/train_individual_losses/#15":2.671532001841115e-06,"clustering/teacher_size":10,"training/train_individual_losses/#2":6.182402506604845e-11,"training/train_individual_losses/#9":1.5339005066117295e-10,"training/train_individual_losses/#13":1.1242774489161889e-09,"_wandb":{"runtime":731},"training/train_individual_losses/#5":1.9520616026391657e-11,"training/train_individual_losses/#8":0.0002144903119187802,"local_hashname":"6fa813745c","training/train_individual_losses/#10":4.1070541065280075e-12,"_runtime":731,"_timestamp":1.764853213611766e+09,"training/train_individual_losses/#12":2.6002586750450973e-08,"reconstruction/examples":10000,"training/train_individual_losses/#11":1.0555596219319341e-07,"_step":108,"reconstruction/train_loss":1.3745079741056543e-10,"training/train_individual_losses/#4":2.01167790692125e-06,"training/train_individual_losses/#14":6.941832525475533e-11,"training/train_loss":0.008205369262695312,"training/examples":10000,"training/train_individual_losses/#0":4.350774601702412e-11,"clustering/student_size":6,"training/train_individual_losses/#17":0.1638859063386917,"reconstruction/train_individual_losses/#0":1.374508007412345e-10,"training/train_individual_losses/#7":1.9544299902918283e-06,"training/train_individual_losses/#3":2.334269444403958e-09,"clustering/student_alignment_W_table":{"log_mode":"IMMUTABLE","artifact_path":"wandb-client-artifact://ahlyrv04l98bbgek2dmhsgjjcg3olanpj2ghecnevoys3jkf9wy7059oxbn31hh0tts1qlmy7mbqi3kzprg0j6wlmciiwrg5civh8urbsrkfeybe7nk1lz3a5oxslgla/clustering/student_alignment_W_table.table.json","_latest_artifact_path":"wandb-client-artifact://wr8gupmiu163ow4nf8w0dcqoprd8xro87pz0uv9zwzj5g0qxl2sube5tpfmskn5mz3tbvn631o4t22oetfvjrrqgxfotmxt8b4fr19r5dtwl2r3zq6f036q24bpqqvya:latest/clustering/student_alignment_W_table.table.json","ncols":1,"_type":"table-file","sha256":"5ccb5e51496ab542f706bf561a7386af8a17aa27671b3ad4c68d1688b71afb1e","nrows":4,"path":"media/table/clustering/student_alignment_W_table_106_5ccb5e51496ab542f706.table.json","size":132}}