{"None/train_individual_losses/#16":9.370182669954374e-05,"None/train_individual_losses/#27":0.052716199308633804,"None/train_individual_losses/#28":0.06052723526954651,"None/train_individual_losses/#45":0.06615013629198074,"None/train_individual_losses/#23":0.0042518386617302895,"_runtime":3258,"None/train_individual_losses/#12":2.48413348197937,"_step":23,"None/train_individual_losses/#4":3.652581654023379e-06,"None/train_individual_losses/#9":2.562607765197754,"None/examples":60000,"None/train_individual_losses/#49":2.4754879474639893,"None/train_individual_losses/#15":2.5123443603515625,"None/train_individual_losses/#25":0.2616293132305145,"None/train_individual_losses/#17":0.07500658184289932,"None/train_individual_losses/#21":0.03786631301045418,"None/train_individual_losses/#36":0.05145101249217987,"None/train_individual_losses/#31":0.07351063191890717,"None/train_individual_losses/#8":0.06030197814106941,"None/train_individual_losses/#43":0.005853803362697363,"None/train_loss":0.41727179166666667,"None/train_individual_losses/#34":0.3568631410598755,"None/train_individual_losses/#11":0.03631548583507538,"None/train_individual_losses/#42":0.22668331861495972,"None/train_individual_losses/#48":3.553965871105902e-05,"None/train_individual_losses/#14":0.22130554914474487,"None/train_individual_losses/#3":0.008019737899303436,"None/train_individual_losses/#29":0.22682544589042664,"None/train_individual_losses/#32":0.00013067320105619729,"None/train_individual_losses/#40":0.06366550922393799,"None/train_individual_losses/#1":0.0662584975361824,"None/train_individual_losses/#47":2.474987268447876,"_timestamp":1.7615515947407384e+09,"None/train_individual_losses/#20":0.007054035551846027,"local_hashname":"6a716683e5","None/train_individual_losses/#13":2.690721035003662,"None/train_individual_losses/#2":0.034614432603120804,"None/train_individual_losses/#38":0.07280877232551575,"None/train_individual_losses/#46":0.008841071277856827,"None/train_individual_losses/#35":2.525455951690674,"None/iteration_step":470000,"None/train_individual_losses/#24":0.010020684450864792,"None/train_individual_losses/#0":0.06416711211204529,"None/train_individual_losses/#39":0.007687364239245653,"None/train_individual_losses/#30":0.006352274678647518,"None/train_individual_losses/#7":0.16631564497947693,"None/train_individual_losses/#18":0.008125292137265205,"_wandb":{"runtime":3258},"None/train_individual_losses/#10":7.840052421670407e-05,"None/train_individual_losses/#5":0.008068695664405823,"None/train_individual_losses/#6":0.16362659633159637,"None/train_individual_losses/#26":0.1040957048535347,"None/train_individual_losses/#22":0.07408661395311356,"None/train_individual_losses/#33":0.008497560396790504,"None/train_individual_losses/#19":0.21441851556301117,"None/train_individual_losses/#44":0.06820287555456161,"None/train_individual_losses/#37":0.0019921530038118362,"None/train_individual_losses/#41":0.15333431959152222}