{"local_hashname":"3c2502264b","None/train_individual_losses/#9":0.6753630042076111,"None/train_individual_losses/#0":0.32453298568725586,"None/train_individual_losses/#13":0.22808171808719635,"None/train_individual_losses/#14":2.495600700378418,"None/train_individual_losses/#16":0.5467806458473206,"None/examples":10000,"_step":0,"None/train_individual_losses/#15":0.45839810371398926,"None/train_individual_losses/#1":0.7224939465522766,"None/train_individual_losses/#5":0.746641993522644,"None/train_individual_losses/#12":0.4129005968570709,"None/train_individual_losses/#2":0.43234559893608093,"None/train_individual_losses/#18":0.38102567195892334,"None/train_individual_losses/#7":0.39005807042121887,"None/iteration_step":0,"None/train_individual_losses/#6":0.2660441994667053,"_runtime":9,"None/train_individual_losses/#17":0.5410168766975403,"_timestamp":1.7645722335957975e+09,"None/train_individual_losses/#10":0.4248025417327881,"None/train_individual_losses/#4":0.6538549661636353,"None/train_individual_losses/#3":2.219825506210327,"_wandb":{"runtime":9},"None/train_individual_losses/#11":0.5257760882377625,"None/train_loss":0.689691484375,"None/train_individual_losses/#8":0.7928371429443359,"None/train_individual_losses/#19":0.5554503202438354}